[INFO][AppLauncher]: Using device: cuda:0
[INFO][AppLauncher]: Loading experience file: /home/ubuntu/IsaacLab/apps/isaaclab.python.headless.kit
Loading user config located at: '/home/ubuntu/miniconda3/envs/env_isaaclab/lib/python3.11/site-packages/isaacsim/kit/data/Kit/Isaac-Sim/5.1/user.config.json'
[Info] [carb] Logging to file: /home/ubuntu/miniconda3/envs/env_isaaclab/lib/python3.11/site-packages/isaacsim/kit/logs/Kit/Isaac-Sim/5.1/kit_20260724_133019.log
2026-07-24T13:30:19Z [97ms] [Warning] [omni.usd_config.extension] Enable omni.materialx.libs extension to use MaterialX
2026-07-24T13:30:19Z [386ms] [Warning] [omni.platforminfo.plugin] failed to open the default display.  Can't verify X Server version.
2026-07-24T13:30:19Z [582ms] [Warning] [carb] Acquiring non optional plugin interface which is not listed as dependency: [omni::physx::IPhysxBenchmarks v1.0] (plugin: <default plugin>), by client: omni.physics.physx.plugin. Add it to CARB_PLUGIN_IMPL_DEPS() macro of a client.
2026-07-24T13:30:19Z [592ms] [Warning] [omni.isaac.dynamic_control] omni.isaac.dynamic_control is deprecated as of Isaac Sim 4.5. No action is needed from end-users.
2026-07-24T13:30:23Z [4,251ms] [Error] [carb.graphics-vulkan.plugin] VkResult: ERROR_INCOMPATIBLE_DRIVER
2026-07-24T13:30:23Z [4,251ms] [Error] [carb.graphics-vulkan.plugin] vkCreateInstance failed. Vulkan 1.1 is not supported, or your driver requires an update.
2026-07-24T13:30:23Z [4,251ms] [Error] [gpu.foundation.plugin] carb::graphics::createInstance failed.
2026-07-24T13:30:23Z [4,339ms] [Error] [gpu.foundation.plugin] Invalid getDeviceInfo parameters.
2026-07-24T13:30:23Z [4,339ms] [Warning] [omni.physx.foundation.plugin] PhysXFoundation: Couldn't get driver version, failed to getDeviceInfo
2026-07-24T13:30:23Z [4,339ms] [Warning] [omni.physx.foundation.plugin] PhysXFoundation: Unable to get IGpuFoundation, GpuDevices or Graphics!
2026-07-24T13:30:24Z [5,745ms] [Warning] [isaaclab.envs.manager_based_env] Seed not set for the environment. The environment creation may not be deterministic.

[36m======================================================================================[0m
[36m[1m[INFO][IsaacLab]: Logging to file: /tmp/isaaclab/logs/isaaclab_2026-07-24_13-30-24.log[0m
[36m======================================================================================[0m

[33m13:30:24 [simulation_context.py] WARNING: The `enable_external_forces_every_iteration` parameter in the PhysxCfg is set to False. If you are experiencing noisy velocities, consider enabling this flag. You may need to slightly increase the number of velocity iterations (setting it to 1 or 2 rather than 0), together with this flag, to improve the accuracy of velocity updates.[0m
[INFO]: Base environment:
	Environment device    : cuda:0
	Environment seed      : None
	Physics step-size     : 0.005
	Rendering step-size   : 0.02
	Environment step-size : 0.02
[33m13:30:25 [terrain_importer.py] WARNING: Visual material specified for ground plane but no diffuse color found. Using default color: (0.0, 0.0, 0.0)[0m
[INFO]: Time taken for scene creation : 0.701996 seconds
[INFO]: Scene manager:  <class InteractiveScene>
	Number of environments: 30
	Environment spacing   : 2.5
	Source prim name      : /World/envs/env_0
	Global prim paths     : ['/World/ground']
	Replicate physics     : True
[INFO]: Starting the simulation. This may take a few seconds. Please wait...
[INFO]: Time taken for simulation start : 0.592055 seconds
2026-07-24T13:30:26Z [7,180ms] [Warning] [rtx.neuraylib.plugin] [LINK:PLUGIN]   0.0   LINK   plug warn : Loading /home/ubuntu/miniconda3/envs/env_isaaclab/lib/python3.11/site-packages/isaacsim/extscache/omni.iray.libs-0.0.0+69cbf6ad.lx64.r/bin/iray/nvcuvid_video_decoder.so: libnvcuvid.so.1: cannot open shared object file: No such file or directory
2026-07-24T13:30:26Z [7,180ms] [Warning] [rtx.neuraylib.plugin] [LINK:PLUGIN]   0.0   LINK   plug warn : Loading .\nt-x86-64\lib\nvcuvid_video_decoder.so: .\nt-x86-64\lib\nvcuvid_video_decoder.so: cannot open shared object file: No such file or directory
2026-07-24T13:30:26Z [7,180ms] [Warning] [rtx.neuraylib.plugin] Failed to load nvcuvid h264 decoder plugin. Iray Bridge h264 support will not be available.
[INFO] Command Manager:  <CommandManager> contains 1 active terms.
+------------------------------------------------+
|              Active Command Terms              |
+-------+---------------+------------------------+
| Index | Name          |          Type          |
+-------+---------------+------------------------+
|   0   | base_velocity | UniformVelocityCommand |
+-------+---------------+------------------------+

[INFO] Event Manager:  <EventManager> contains 2 active terms.
+--------------------------------------+
| Active Event Terms in Mode: 'startup' |
+----------+---------------------------+
|  Index   | Name                      |
+----------+---------------------------+
|    0     | physics_material          |
+----------+---------------------------+
+-------------------------------------+
| Active Event Terms in Mode: 'reset' |
+---------+---------------------------+
|  Index  | Name                      |
+---------+---------------------------+
|    0    | reset_base                |
|    1    | reset_robot_joints        |
+---------+---------------------------+

[INFO] Recorder Manager:  <RecorderManager> contains 0 active terms.
+---------------------+
| Active Recorder Terms |
+-----------+---------+
|   Index   | Name    |
+-----------+---------+
+-----------+---------+

[INFO] Action Manager:  <ActionManager> contains 1 active terms.
+------------------------------------+
|  Active Action Terms (shape: 12)   |
+--------+-------------+-------------+
| Index  | Name        |   Dimension |
+--------+-------------+-------------+
|   0    | joint_pos   |          12 |
+--------+-------------+-------------+

[INFO] Observation Manager: <ObservationManager> contains 1 groups.
+---------------------------------------------------------+
| Active Observation Terms in Group: 'policy' (shape: (48,)) |
+-----------+---------------------------------+-----------+
|   Index   | Name                            |   Shape   |
+-----------+---------------------------------+-----------+
|     0     | base_lin_vel                    |    (3,)   |
|     1     | base_ang_vel                    |    (3,)   |
|     2     | projected_gravity               |    (3,)   |
|     3     | velocity_commands               |    (3,)   |
|     4     | joint_pos                       |   (12,)   |
|     5     | joint_vel                       |   (12,)   |
|     6     | actions                         |   (12,)   |
+-----------+---------------------------------+-----------+

[INFO] Termination Manager:  <TerminationManager> contains 2 active terms.
+---------------------------------+
|     Active Termination Terms    |
+-------+--------------+----------+
| Index | Name         | Time Out |
+-------+--------------+----------+
|   0   | time_out     |   True   |
|   1   | base_contact |  False   |
+-------+--------------+----------+

[INFO] Reward Manager:  <RewardManager> contains 10 active terms.
+-----------------------------------------+
|           Active Reward Terms           |
+-------+----------------------+----------+
| Index | Name                 |   Weight |
+-------+----------------------+----------+
|   0   | track_lin_vel_xy_exp |      1.5 |
|   1   | track_ang_vel_z_exp  |     0.75 |
|   2   | lin_vel_z_l2         |     -2.0 |
|   3   | ang_vel_xy_l2        |    -0.05 |
|   4   | dof_torques_l2       |  -0.0002 |
|   5   | dof_acc_l2           | -2.5e-07 |
|   6   | action_rate_l2       |    -0.01 |
|   7   | feet_air_time        |     0.25 |
|   8   | flat_orientation_l2  |     -2.5 |
|   9   | dof_pos_limits       |      0.0 |
+-------+----------------------+----------+

[INFO] Curriculum Manager:  <CurriculumManager> contains 0 active terms.
+----------------------+
| Active Curriculum Terms |
+-----------+----------+
|   Index   | Name     |
+-----------+----------+
+-----------+----------+

[INFO]: Completed setting up the environment...
2026-07-24T13:30:26Z [7,589ms] [Warning] [omni.physx.fabric.plugin] FabricManager::initializePointInstancer mismatched prototypes on point instancer: /Visuals/Command/velocity_goal.
2026-07-24T13:30:26Z [7,589ms] [Warning] [omni.physx.fabric.plugin] FabricManager::initializePointInstancer mismatched prototypes on point instancer: /Visuals/Command/velocity_current.
/home/ubuntu/miniconda3/envs/env_isaaclab/lib/python3.11/site-packages/rsl_rl/utils/utils.py:220: UserWarning: The observation configuration dictionary 'obs_groups' is empty and thus likely not configured. Consider configuring the 'obs_groups' dictionary explicitly
  warnings.warn(
/home/ubuntu/miniconda3/envs/env_isaaclab/lib/python3.11/site-packages/rsl_rl/utils/utils.py:251: UserWarning: The observation configuration dictionary 'obs_groups' does not contain the 'actor' key. As an observation group with the name 'policy' was found, this is assumed to be the appropriate observation. Consider adding the 'actor' key to the 'obs_groups' dictionary for clarity. This behavior will be removed in a future version.
  warnings.warn(
/home/ubuntu/miniconda3/envs/env_isaaclab/lib/python3.11/site-packages/rsl_rl/utils/utils.py:251: UserWarning: The observation configuration dictionary 'obs_groups' does not contain the 'critic' key. As an observation group with the name 'policy' was found, this is assumed to be the appropriate observation. Consider adding the 'critic' key to the 'obs_groups' dictionary for clarity. This behavior will be removed in a future version.
  warnings.warn(
--------------------------------------------------------------------------------
Resolved observation sets: 
	 actor :  ['policy']
	 critic :  ['policy']
--------------------------------------------------------------------------------
Actor Model: MLPModel(
  (obs_normalizer): Identity()
  (distribution): GaussianDistribution()
  (mlp): MLP(
    (0): Linear(in_features=48, out_features=128, bias=True)
    (1): ELU(alpha=1.0)
    (2): Linear(in_features=128, out_features=128, bias=True)
    (3): ELU(alpha=1.0)
    (4): Linear(in_features=128, out_features=128, bias=True)
    (5): ELU(alpha=1.0)
    (6): Linear(in_features=128, out_features=12, bias=True)
  )
)
Critic Model: MLPModel(
  (obs_normalizer): Identity()
  (mlp): MLP(
    (0): Linear(in_features=48, out_features=128, bias=True)
    (1): ELU(alpha=1.0)
    (2): Linear(in_features=128, out_features=128, bias=True)
    (3): ELU(alpha=1.0)
    (4): Linear(in_features=128, out_features=128, bias=True)
    (5): ELU(alpha=1.0)
    (6): Linear(in_features=128, out_features=1, bias=True)
  )
)
[    baseline_full_dr |        nominal/none    ] return=   40.93  fall_rate=0.00  stuck=0
--------------------------------------------------------------------------------
Resolved observation sets: 
	 actor :  ['policy']
	 critic :  ['policy']
--------------------------------------------------------------------------------
Actor Model: MLPModel(
  (obs_normalizer): Identity()
  (distribution): GaussianDistribution()
  (mlp): MLP(
    (0): Linear(in_features=48, out_features=128, bias=True)
    (1): ELU(alpha=1.0)
    (2): Linear(in_features=128, out_features=128, bias=True)
    (3): ELU(alpha=1.0)
    (4): Linear(in_features=128, out_features=128, bias=True)
    (5): ELU(alpha=1.0)
    (6): Linear(in_features=128, out_features=12, bias=True)
  )
)
Critic Model: MLPModel(
  (obs_normalizer): Identity()
  (mlp): MLP(
    (0): Linear(in_features=48, out_features=128, bias=True)
    (1): ELU(alpha=1.0)
    (2): Linear(in_features=128, out_features=128, bias=True)
    (3): ELU(alpha=1.0)
    (4): Linear(in_features=128, out_features=128, bias=True)
    (5): ELU(alpha=1.0)
    (6): Linear(in_features=128, out_features=1, bias=True)
  )
)
[         no_friction |        nominal/none    ] return=   40.35  fall_rate=0.00  stuck=0
--------------------------------------------------------------------------------
Resolved observation sets: 
	 actor :  ['policy']
	 critic :  ['policy']
--------------------------------------------------------------------------------
Actor Model: MLPModel(
  (obs_normalizer): Identity()
  (distribution): GaussianDistribution()
  (mlp): MLP(
    (0): Linear(in_features=48, out_features=128, bias=True)
    (1): ELU(alpha=1.0)
    (2): Linear(in_features=128, out_features=128, bias=True)
    (3): ELU(alpha=1.0)
    (4): Linear(in_features=128, out_features=128, bias=True)
    (5): ELU(alpha=1.0)
    (6): Linear(in_features=128, out_features=12, bias=True)
  )
)
Critic Model: MLPModel(
  (obs_normalizer): Identity()
  (mlp): MLP(
    (0): Linear(in_features=48, out_features=128, bias=True)
    (1): ELU(alpha=1.0)
    (2): Linear(in_features=128, out_features=128, bias=True)
    (3): ELU(alpha=1.0)
    (4): Linear(in_features=128, out_features=128, bias=True)
    (5): ELU(alpha=1.0)
    (6): Linear(in_features=128, out_features=1, bias=True)
  )
)
[             no_mass |        nominal/none    ] return=   40.83  fall_rate=0.00  stuck=0
--------------------------------------------------------------------------------
Resolved observation sets: 
	 actor :  ['policy']
	 critic :  ['policy']
--------------------------------------------------------------------------------
Actor Model: MLPModel(
  (obs_normalizer): Identity()
  (distribution): GaussianDistribution()
  (mlp): MLP(
    (0): Linear(in_features=48, out_features=128, bias=True)
    (1): ELU(alpha=1.0)
    (2): Linear(in_features=128, out_features=128, bias=True)
    (3): ELU(alpha=1.0)
    (4): Linear(in_features=128, out_features=128, bias=True)
    (5): ELU(alpha=1.0)
    (6): Linear(in_features=128, out_features=12, bias=True)
  )
)
Critic Model: MLPModel(
  (obs_normalizer): Identity()
  (mlp): MLP(
    (0): Linear(in_features=48, out_features=128, bias=True)
    (1): ELU(alpha=1.0)
    (2): Linear(in_features=128, out_features=128, bias=True)
    (3): ELU(alpha=1.0)
    (4): Linear(in_features=128, out_features=128, bias=True)
    (5): ELU(alpha=1.0)
    (6): Linear(in_features=128, out_features=1, bias=True)
  )
)
[   no_motor_strength |        nominal/none    ] return=   40.69  fall_rate=0.00  stuck=0
--------------------------------------------------------------------------------
Resolved observation sets: 
	 actor :  ['policy']
	 critic :  ['policy']
--------------------------------------------------------------------------------
Actor Model: MLPModel(
  (obs_normalizer): Identity()
  (distribution): GaussianDistribution()
  (mlp): MLP(
    (0): Linear(in_features=48, out_features=128, bias=True)
    (1): ELU(alpha=1.0)
    (2): Linear(in_features=128, out_features=128, bias=True)
    (3): ELU(alpha=1.0)
    (4): Linear(in_features=128, out_features=128, bias=True)
    (5): ELU(alpha=1.0)
    (6): Linear(in_features=128, out_features=12, bias=True)
  )
)
Critic Model: MLPModel(
  (obs_normalizer): Identity()
  (mlp): MLP(
    (0): Linear(in_features=48, out_features=128, bias=True)
    (1): ELU(alpha=1.0)
    (2): Linear(in_features=128, out_features=128, bias=True)
    (3): ELU(alpha=1.0)
    (4): Linear(in_features=128, out_features=128, bias=True)
    (5): ELU(alpha=1.0)
    (6): Linear(in_features=128, out_features=1, bias=True)
  )
)
[     no_sensor_noise |        nominal/none    ] return=   40.72  fall_rate=0.00  stuck=0
--------------------------------------------------------------------------------
Resolved observation sets: 
	 actor :  ['policy']
	 critic :  ['policy']
--------------------------------------------------------------------------------
Actor Model: MLPModel(
  (obs_normalizer): Identity()
  (distribution): GaussianDistribution()
  (mlp): MLP(
    (0): Linear(in_features=48, out_features=128, bias=True)
    (1): ELU(alpha=1.0)
    (2): Linear(in_features=128, out_features=128, bias=True)
    (3): ELU(alpha=1.0)
    (4): Linear(in_features=128, out_features=128, bias=True)
    (5): ELU(alpha=1.0)
    (6): Linear(in_features=128, out_features=12, bias=True)
  )
)
Critic Model: MLPModel(
  (obs_normalizer): Identity()
  (mlp): MLP(
    (0): Linear(in_features=48, out_features=128, bias=True)
    (1): ELU(alpha=1.0)
    (2): Linear(in_features=128, out_features=128, bias=True)
    (3): ELU(alpha=1.0)
    (4): Linear(in_features=128, out_features=128, bias=True)
    (5): ELU(alpha=1.0)
    (6): Linear(in_features=128, out_features=1, bias=True)
  )
)
[   no_action_latency |        nominal/none    ] return=   41.26  fall_rate=0.00  stuck=0
2026-07-24T13:32:34Z [135,558ms] [Warning] [omni.physx.foundation.plugin] PhysXFoundation: Calling createGpuFoundation without first releasing already acquired instances with releaseGpuFoundation!
2026-07-24T13:32:34Z [135,594ms] [Error] [carb.graphics-vulkan.plugin] VkResult: ERROR_INCOMPATIBLE_DRIVER
2026-07-24T13:32:34Z [135,594ms] [Error] [carb.graphics-vulkan.plugin] vkCreateInstance failed. Vulkan 1.1 is not supported, or your driver requires an update.
2026-07-24T13:32:34Z [135,594ms] [Error] [gpu.foundation.plugin] carb::graphics::createInstance failed.
2026-07-24T13:32:34Z [135,722ms] [Error] [gpu.foundation.plugin] Invalid getDeviceInfo parameters.
2026-07-24T13:32:34Z [135,722ms] [Warning] [omni.physx.foundation.plugin] PhysXFoundation: Couldn't get driver version, failed to getDeviceInfo
2026-07-24T13:32:34Z [135,722ms] [Warning] [omni.physx.foundation.plugin] PhysXFoundation: Unable to get IGpuFoundation, GpuDevices or Graphics!
[INFO][AppLauncher]: Using device: cuda:0
[INFO][AppLauncher]: Loading experience file: /home/ubuntu/IsaacLab/apps/isaaclab.python.headless.kit
Loading user config located at: '/home/ubuntu/miniconda3/envs/env_isaaclab/lib/python3.11/site-packages/isaacsim/kit/data/Kit/Isaac-Sim/5.1/user.config.json'
[Info] [carb] Logging to file: /home/ubuntu/miniconda3/envs/env_isaaclab/lib/python3.11/site-packages/isaacsim/kit/logs/Kit/Isaac-Sim/5.1/kit_20260724_133235.log
2026-07-24T13:32:35Z [126ms] [Warning] [omni.usd_config.extension] Enable omni.materialx.libs extension to use MaterialX
2026-07-24T13:32:35Z [530ms] [Warning] [omni.platforminfo.plugin] failed to open the default display.  Can't verify X Server version.
2026-07-24T13:32:36Z [766ms] [Warning] [carb] Acquiring non optional plugin interface which is not listed as dependency: [omni::physx::IPhysxBenchmarks v1.0] (plugin: <default plugin>), by client: omni.physics.physx.plugin. Add it to CARB_PLUGIN_IMPL_DEPS() macro of a client.
2026-07-24T13:32:36Z [780ms] [Warning] [omni.isaac.dynamic_control] omni.isaac.dynamic_control is deprecated as of Isaac Sim 4.5. No action is needed from end-users.
2026-07-24T13:32:40Z [5,451ms] [Error] [carb.graphics-vulkan.plugin] VkResult: ERROR_INCOMPATIBLE_DRIVER
2026-07-24T13:32:40Z [5,451ms] [Error] [carb.graphics-vulkan.plugin] vkCreateInstance failed. Vulkan 1.1 is not supported, or your driver requires an update.
2026-07-24T13:32:40Z [5,451ms] [Error] [gpu.foundation.plugin] carb::graphics::createInstance failed.
2026-07-24T13:32:40Z [5,545ms] [Error] [gpu.foundation.plugin] Invalid getDeviceInfo parameters.
2026-07-24T13:32:40Z [5,545ms] [Warning] [omni.physx.foundation.plugin] PhysXFoundation: Couldn't get driver version, failed to getDeviceInfo
2026-07-24T13:32:40Z [5,545ms] [Warning] [omni.physx.foundation.plugin] PhysXFoundation: Unable to get IGpuFoundation, GpuDevices or Graphics!
2026-07-24T13:32:42Z [7,493ms] [Warning] [isaaclab.envs.manager_based_env] Seed not set for the environment. The environment creation may not be deterministic.

[36m======================================================================================[0m
[36m[1m[INFO][IsaacLab]: Logging to file: /tmp/isaaclab/logs/isaaclab_2026-07-24_13-32-42.log[0m
[36m======================================================================================[0m

[33m13:32:42 [simulation_context.py] WARNING: The `enable_external_forces_every_iteration` parameter in the PhysxCfg is set to False. If you are experiencing noisy velocities, consider enabling this flag. You may need to slightly increase the number of velocity iterations (setting it to 1 or 2 rather than 0), together with this flag, to improve the accuracy of velocity updates.[0m
[INFO]: Base environment:
	Environment device    : cuda:0
	Environment seed      : None
	Physics step-size     : 0.005
	Rendering step-size   : 0.02
	Environment step-size : 0.02
[33m13:32:43 [terrain_importer.py] WARNING: Visual material specified for ground plane but no diffuse color found. Using default color: (0.0, 0.0, 0.0)[0m
[INFO]: Time taken for scene creation : 0.855610 seconds
[INFO]: Scene manager:  <class InteractiveScene>
	Number of environments: 30
	Environment spacing   : 2.5
	Source prim name      : /World/envs/env_0
	Global prim paths     : ['/World/ground']
	Replicate physics     : True
[INFO]: Starting the simulation. This may take a few seconds. Please wait...
[INFO]: Time taken for simulation start : 0.748280 seconds
2026-07-24T13:32:44Z [9,352ms] [Warning] [rtx.neuraylib.plugin] [LINK:PLUGIN]   0.0   LINK   plug warn : Loading /home/ubuntu/miniconda3/envs/env_isaaclab/lib/python3.11/site-packages/isaacsim/extscache/omni.iray.libs-0.0.0+69cbf6ad.lx64.r/bin/iray/nvcuvid_video_decoder.so: libnvcuvid.so.1: cannot open shared object file: No such file or directory
2026-07-24T13:32:44Z [9,352ms] [Warning] [rtx.neuraylib.plugin] [LINK:PLUGIN]   0.0   LINK   plug warn : Loading .\nt-x86-64\lib\nvcuvid_video_decoder.so: .\nt-x86-64\lib\nvcuvid_video_decoder.so: cannot open shared object file: No such file or directory
2026-07-24T13:32:44Z [9,352ms] [Warning] [rtx.neuraylib.plugin] Failed to load nvcuvid h264 decoder plugin. Iray Bridge h264 support will not be available.
[INFO] Command Manager:  <CommandManager> contains 1 active terms.
+------------------------------------------------+
|              Active Command Terms              |
+-------+---------------+------------------------+
| Index | Name          |          Type          |
+-------+---------------+------------------------+
|   0   | base_velocity | UniformVelocityCommand |
+-------+---------------+------------------------+

[INFO] Event Manager:  <EventManager> contains 2 active terms.
+--------------------------------------+
| Active Event Terms in Mode: 'startup' |
+----------+---------------------------+
|  Index   | Name                      |
+----------+---------------------------+
|    0     | physics_material          |
+----------+---------------------------+
+-------------------------------------+
| Active Event Terms in Mode: 'reset' |
+---------+---------------------------+
|  Index  | Name                      |
+---------+---------------------------+
|    0    | reset_base                |
|    1    | reset_robot_joints        |
+---------+---------------------------+

[INFO] Recorder Manager:  <RecorderManager> contains 0 active terms.
+---------------------+
| Active Recorder Terms |
+-----------+---------+
|   Index   | Name    |
+-----------+---------+
+-----------+---------+

[INFO] Action Manager:  <ActionManager> contains 1 active terms.
+------------------------------------+
|  Active Action Terms (shape: 12)   |
+--------+-------------+-------------+
| Index  | Name        |   Dimension |
+--------+-------------+-------------+
|   0    | joint_pos   |          12 |
+--------+-------------+-------------+

[INFO] Observation Manager: <ObservationManager> contains 1 groups.
+---------------------------------------------------------+
| Active Observation Terms in Group: 'policy' (shape: (48,)) |
+-----------+---------------------------------+-----------+
|   Index   | Name                            |   Shape   |
+-----------+---------------------------------+-----------+
|     0     | base_lin_vel                    |    (3,)   |
|     1     | base_ang_vel                    |    (3,)   |
|     2     | projected_gravity               |    (3,)   |
|     3     | velocity_commands               |    (3,)   |
|     4     | joint_pos                       |   (12,)   |
|     5     | joint_vel                       |   (12,)   |
|     6     | actions                         |   (12,)   |
+-----------+---------------------------------+-----------+

[INFO] Termination Manager:  <TerminationManager> contains 2 active terms.
+---------------------------------+
|     Active Termination Terms    |
+-------+--------------+----------+
| Index | Name         | Time Out |
+-------+--------------+----------+
|   0   | time_out     |   True   |
|   1   | base_contact |  False   |
+-------+--------------+----------+

[INFO] Reward Manager:  <RewardManager> contains 10 active terms.
+-----------------------------------------+
|           Active Reward Terms           |
+-------+----------------------+----------+
| Index | Name                 |   Weight |
+-------+----------------------+----------+
|   0   | track_lin_vel_xy_exp |      1.5 |
|   1   | track_ang_vel_z_exp  |     0.75 |
|   2   | lin_vel_z_l2         |     -2.0 |
|   3   | ang_vel_xy_l2        |    -0.05 |
|   4   | dof_torques_l2       |  -0.0002 |
|   5   | dof_acc_l2           | -2.5e-07 |
|   6   | action_rate_l2       |    -0.01 |
|   7   | feet_air_time        |     0.25 |
|   8   | flat_orientation_l2  |     -2.5 |
|   9   | dof_pos_limits       |      0.0 |
+-------+----------------------+----------+

[INFO] Curriculum Manager:  <CurriculumManager> contains 0 active terms.
+----------------------+
| Active Curriculum Terms |
+-----------+----------+
|   Index   | Name     |
+-----------+----------+
+-----------+----------+

[INFO]: Completed setting up the environment...
2026-07-24T13:32:45Z [9,892ms] [Warning] [omni.physx.fabric.plugin] FabricManager::initializePointInstancer mismatched prototypes on point instancer: /Visuals/Command/velocity_current.
2026-07-24T13:32:45Z [9,892ms] [Warning] [omni.physx.fabric.plugin] FabricManager::initializePointInstancer mismatched prototypes on point instancer: /Visuals/Command/velocity_goal.
/home/ubuntu/miniconda3/envs/env_isaaclab/lib/python3.11/site-packages/rsl_rl/utils/utils.py:220: UserWarning: The observation configuration dictionary 'obs_groups' is empty and thus likely not configured. Consider configuring the 'obs_groups' dictionary explicitly
  warnings.warn(
/home/ubuntu/miniconda3/envs/env_isaaclab/lib/python3.11/site-packages/rsl_rl/utils/utils.py:251: UserWarning: The observation configuration dictionary 'obs_groups' does not contain the 'actor' key. As an observation group with the name 'policy' was found, this is assumed to be the appropriate observation. Consider adding the 'actor' key to the 'obs_groups' dictionary for clarity. This behavior will be removed in a future version.
  warnings.warn(
/home/ubuntu/miniconda3/envs/env_isaaclab/lib/python3.11/site-packages/rsl_rl/utils/utils.py:251: UserWarning: The observation configuration dictionary 'obs_groups' does not contain the 'critic' key. As an observation group with the name 'policy' was found, this is assumed to be the appropriate observation. Consider adding the 'critic' key to the 'obs_groups' dictionary for clarity. This behavior will be removed in a future version.
  warnings.warn(
--------------------------------------------------------------------------------
Resolved observation sets: 
	 actor :  ['policy']
	 critic :  ['policy']
--------------------------------------------------------------------------------
Actor Model: MLPModel(
  (obs_normalizer): Identity()
  (distribution): GaussianDistribution()
  (mlp): MLP(
    (0): Linear(in_features=48, out_features=128, bias=True)
    (1): ELU(alpha=1.0)
    (2): Linear(in_features=128, out_features=128, bias=True)
    (3): ELU(alpha=1.0)
    (4): Linear(in_features=128, out_features=128, bias=True)
    (5): ELU(alpha=1.0)
    (6): Linear(in_features=128, out_features=12, bias=True)
  )
)
Critic Model: MLPModel(
  (obs_normalizer): Identity()
  (mlp): MLP(
    (0): Linear(in_features=48, out_features=128, bias=True)
    (1): ELU(alpha=1.0)
    (2): Linear(in_features=128, out_features=128, bias=True)
    (3): ELU(alpha=1.0)
    (4): Linear(in_features=128, out_features=128, bias=True)
    (5): ELU(alpha=1.0)
    (6): Linear(in_features=128, out_features=1, bias=True)
  )
)
[    baseline_full_dr |       friction/moderate] return=   40.33  fall_rate=0.00  stuck=0
--------------------------------------------------------------------------------
Resolved observation sets: 
	 actor :  ['policy']
	 critic :  ['policy']
--------------------------------------------------------------------------------
Actor Model: MLPModel(
  (obs_normalizer): Identity()
  (distribution): GaussianDistribution()
  (mlp): MLP(
    (0): Linear(in_features=48, out_features=128, bias=True)
    (1): ELU(alpha=1.0)
    (2): Linear(in_features=128, out_features=128, bias=True)
    (3): ELU(alpha=1.0)
    (4): Linear(in_features=128, out_features=128, bias=True)
    (5): ELU(alpha=1.0)
    (6): Linear(in_features=128, out_features=12, bias=True)
  )
)
Critic Model: MLPModel(
  (obs_normalizer): Identity()
  (mlp): MLP(
    (0): Linear(in_features=48, out_features=128, bias=True)
    (1): ELU(alpha=1.0)
    (2): Linear(in_features=128, out_features=128, bias=True)
    (3): ELU(alpha=1.0)
    (4): Linear(in_features=128, out_features=128, bias=True)
    (5): ELU(alpha=1.0)
    (6): Linear(in_features=128, out_features=1, bias=True)
  )
)
[         no_friction |       friction/moderate] return=   38.72  fall_rate=0.00  stuck=0
--------------------------------------------------------------------------------
Resolved observation sets: 
	 actor :  ['policy']
	 critic :  ['policy']
--------------------------------------------------------------------------------
Actor Model: MLPModel(
  (obs_normalizer): Identity()
  (distribution): GaussianDistribution()
  (mlp): MLP(
    (0): Linear(in_features=48, out_features=128, bias=True)
    (1): ELU(alpha=1.0)
    (2): Linear(in_features=128, out_features=128, bias=True)
    (3): ELU(alpha=1.0)
    (4): Linear(in_features=128, out_features=128, bias=True)
    (5): ELU(alpha=1.0)
    (6): Linear(in_features=128, out_features=12, bias=True)
  )
)
Critic Model: MLPModel(
  (obs_normalizer): Identity()
  (mlp): MLP(
    (0): Linear(in_features=48, out_features=128, bias=True)
    (1): ELU(alpha=1.0)
    (2): Linear(in_features=128, out_features=128, bias=True)
    (3): ELU(alpha=1.0)
    (4): Linear(in_features=128, out_features=128, bias=True)
    (5): ELU(alpha=1.0)
    (6): Linear(in_features=128, out_features=1, bias=True)
  )
)
[             no_mass |       friction/moderate] return=   40.05  fall_rate=0.00  stuck=0
--------------------------------------------------------------------------------
Resolved observation sets: 
	 actor :  ['policy']
	 critic :  ['policy']
--------------------------------------------------------------------------------
Actor Model: MLPModel(
  (obs_normalizer): Identity()
  (distribution): GaussianDistribution()
  (mlp): MLP(
    (0): Linear(in_features=48, out_features=128, bias=True)
    (1): ELU(alpha=1.0)
    (2): Linear(in_features=128, out_features=128, bias=True)
    (3): ELU(alpha=1.0)
    (4): Linear(in_features=128, out_features=128, bias=True)
    (5): ELU(alpha=1.0)
    (6): Linear(in_features=128, out_features=12, bias=True)
  )
)
Critic Model: MLPModel(
  (obs_normalizer): Identity()
  (mlp): MLP(
    (0): Linear(in_features=48, out_features=128, bias=True)
    (1): ELU(alpha=1.0)
    (2): Linear(in_features=128, out_features=128, bias=True)
    (3): ELU(alpha=1.0)
    (4): Linear(in_features=128, out_features=128, bias=True)
    (5): ELU(alpha=1.0)
    (6): Linear(in_features=128, out_features=1, bias=True)
  )
)
[   no_motor_strength |       friction/moderate] return=   39.74  fall_rate=0.00  stuck=0
--------------------------------------------------------------------------------
Resolved observation sets: 
	 actor :  ['policy']
	 critic :  ['policy']
--------------------------------------------------------------------------------
Actor Model: MLPModel(
  (obs_normalizer): Identity()
  (distribution): GaussianDistribution()
  (mlp): MLP(
    (0): Linear(in_features=48, out_features=128, bias=True)
    (1): ELU(alpha=1.0)
    (2): Linear(in_features=128, out_features=128, bias=True)
    (3): ELU(alpha=1.0)
    (4): Linear(in_features=128, out_features=128, bias=True)
    (5): ELU(alpha=1.0)
    (6): Linear(in_features=128, out_features=12, bias=True)
  )
)
Critic Model: MLPModel(
  (obs_normalizer): Identity()
  (mlp): MLP(
    (0): Linear(in_features=48, out_features=128, bias=True)
    (1): ELU(alpha=1.0)
    (2): Linear(in_features=128, out_features=128, bias=True)
    (3): ELU(alpha=1.0)
    (4): Linear(in_features=128, out_features=128, bias=True)
    (5): ELU(alpha=1.0)
    (6): Linear(in_features=128, out_features=1, bias=True)
  )
)
[     no_sensor_noise |       friction/moderate] return=   40.08  fall_rate=0.00  stuck=0
--------------------------------------------------------------------------------
Resolved observation sets: 
	 actor :  ['policy']
	 critic :  ['policy']
--------------------------------------------------------------------------------
Actor Model: MLPModel(
  (obs_normalizer): Identity()
  (distribution): GaussianDistribution()
  (mlp): MLP(
    (0): Linear(in_features=48, out_features=128, bias=True)
    (1): ELU(alpha=1.0)
    (2): Linear(in_features=128, out_features=128, bias=True)
    (3): ELU(alpha=1.0)
    (4): Linear(in_features=128, out_features=128, bias=True)
    (5): ELU(alpha=1.0)
    (6): Linear(in_features=128, out_features=12, bias=True)
  )
)
Critic Model: MLPModel(
  (obs_normalizer): Identity()
  (mlp): MLP(
    (0): Linear(in_features=48, out_features=128, bias=True)
    (1): ELU(alpha=1.0)
    (2): Linear(in_features=128, out_features=128, bias=True)
    (3): ELU(alpha=1.0)
    (4): Linear(in_features=128, out_features=128, bias=True)
    (5): ELU(alpha=1.0)
    (6): Linear(in_features=128, out_features=1, bias=True)
  )
)
[   no_action_latency |       friction/moderate] return=   40.54  fall_rate=0.00  stuck=0
2026-07-24T13:34:48Z [133,135ms] [Warning] [omni.physx.foundation.plugin] PhysXFoundation: Calling createGpuFoundation without first releasing already acquired instances with releaseGpuFoundation!
2026-07-24T13:34:48Z [133,137ms] [Error] [carb.graphics-vulkan.plugin] VkResult: ERROR_INCOMPATIBLE_DRIVER
2026-07-24T13:34:48Z [133,137ms] [Error] [carb.graphics-vulkan.plugin] vkCreateInstance failed. Vulkan 1.1 is not supported, or your driver requires an update.
2026-07-24T13:34:48Z [133,137ms] [Error] [gpu.foundation.plugin] carb::graphics::createInstance failed.
2026-07-24T13:34:48Z [133,274ms] [Error] [gpu.foundation.plugin] Invalid getDeviceInfo parameters.
2026-07-24T13:34:48Z [133,274ms] [Warning] [omni.physx.foundation.plugin] PhysXFoundation: Couldn't get driver version, failed to getDeviceInfo
2026-07-24T13:34:48Z [133,274ms] [Warning] [omni.physx.foundation.plugin] PhysXFoundation: Unable to get IGpuFoundation, GpuDevices or Graphics!
[INFO][AppLauncher]: Using device: cuda:0
[INFO][AppLauncher]: Loading experience file: /home/ubuntu/IsaacLab/apps/isaaclab.python.headless.kit
Loading user config located at: '/home/ubuntu/miniconda3/envs/env_isaaclab/lib/python3.11/site-packages/isaacsim/kit/data/Kit/Isaac-Sim/5.1/user.config.json'
[Info] [carb] Logging to file: /home/ubuntu/miniconda3/envs/env_isaaclab/lib/python3.11/site-packages/isaacsim/kit/logs/Kit/Isaac-Sim/5.1/kit_20260724_133448.log
2026-07-24T13:34:49Z [98ms] [Warning] [omni.usd_config.extension] Enable omni.materialx.libs extension to use MaterialX
2026-07-24T13:34:49Z [382ms] [Warning] [omni.platforminfo.plugin] failed to open the default display.  Can't verify X Server version.
2026-07-24T13:34:49Z [573ms] [Warning] [carb] Acquiring non optional plugin interface which is not listed as dependency: [omni::physx::IPhysxBenchmarks v1.0] (plugin: <default plugin>), by client: omni.physics.physx.plugin. Add it to CARB_PLUGIN_IMPL_DEPS() macro of a client.
2026-07-24T13:34:49Z [582ms] [Warning] [omni.isaac.dynamic_control] omni.isaac.dynamic_control is deprecated as of Isaac Sim 4.5. No action is needed from end-users.
2026-07-24T13:34:53Z [4,133ms] [Error] [carb.graphics-vulkan.plugin] VkResult: ERROR_INCOMPATIBLE_DRIVER
2026-07-24T13:34:53Z [4,133ms] [Error] [carb.graphics-vulkan.plugin] vkCreateInstance failed. Vulkan 1.1 is not supported, or your driver requires an update.
2026-07-24T13:34:53Z [4,133ms] [Error] [gpu.foundation.plugin] carb::graphics::createInstance failed.
2026-07-24T13:34:53Z [4,222ms] [Error] [gpu.foundation.plugin] Invalid getDeviceInfo parameters.
2026-07-24T13:34:53Z [4,222ms] [Warning] [omni.physx.foundation.plugin] PhysXFoundation: Couldn't get driver version, failed to getDeviceInfo
2026-07-24T13:34:53Z [4,222ms] [Warning] [omni.physx.foundation.plugin] PhysXFoundation: Unable to get IGpuFoundation, GpuDevices or Graphics!
2026-07-24T13:34:54Z [5,817ms] [Warning] [isaaclab.envs.manager_based_env] Seed not set for the environment. The environment creation may not be deterministic.

[36m======================================================================================[0m
[36m[1m[INFO][IsaacLab]: Logging to file: /tmp/isaaclab/logs/isaaclab_2026-07-24_13-34-54.log[0m
[36m======================================================================================[0m

[33m13:34:54 [simulation_context.py] WARNING: The `enable_external_forces_every_iteration` parameter in the PhysxCfg is set to False. If you are experiencing noisy velocities, consider enabling this flag. You may need to slightly increase the number of velocity iterations (setting it to 1 or 2 rather than 0), together with this flag, to improve the accuracy of velocity updates.[0m
[INFO]: Base environment:
	Environment device    : cuda:0
	Environment seed      : None
	Physics step-size     : 0.005
	Rendering step-size   : 0.02
	Environment step-size : 0.02
[33m13:34:55 [terrain_importer.py] WARNING: Visual material specified for ground plane but no diffuse color found. Using default color: (0.0, 0.0, 0.0)[0m
[INFO]: Time taken for scene creation : 0.708990 seconds
[INFO]: Scene manager:  <class InteractiveScene>
	Number of environments: 30
	Environment spacing   : 2.5
	Source prim name      : /World/envs/env_0
	Global prim paths     : ['/World/ground']
	Replicate physics     : True
[INFO]: Starting the simulation. This may take a few seconds. Please wait...
[INFO]: Time taken for simulation start : 0.601453 seconds
2026-07-24T13:34:56Z [7,270ms] [Warning] [rtx.neuraylib.plugin] [LINK:PLUGIN]   0.0   LINK   plug warn : Loading /home/ubuntu/miniconda3/envs/env_isaaclab/lib/python3.11/site-packages/isaacsim/extscache/omni.iray.libs-0.0.0+69cbf6ad.lx64.r/bin/iray/nvcuvid_video_decoder.so: libnvcuvid.so.1: cannot open shared object file: No such file or directory
2026-07-24T13:34:56Z [7,270ms] [Warning] [rtx.neuraylib.plugin] [LINK:PLUGIN]   0.0   LINK   plug warn : Loading .\nt-x86-64\lib\nvcuvid_video_decoder.so: .\nt-x86-64\lib\nvcuvid_video_decoder.so: cannot open shared object file: No such file or directory
2026-07-24T13:34:56Z [7,270ms] [Warning] [rtx.neuraylib.plugin] Failed to load nvcuvid h264 decoder plugin. Iray Bridge h264 support will not be available.
[INFO] Command Manager:  <CommandManager> contains 1 active terms.
+------------------------------------------------+
|              Active Command Terms              |
+-------+---------------+------------------------+
| Index | Name          |          Type          |
+-------+---------------+------------------------+
|   0   | base_velocity | UniformVelocityCommand |
+-------+---------------+------------------------+

[INFO] Event Manager:  <EventManager> contains 2 active terms.
+--------------------------------------+
| Active Event Terms in Mode: 'startup' |
+----------+---------------------------+
|  Index   | Name                      |
+----------+---------------------------+
|    0     | physics_material          |
+----------+---------------------------+
+-------------------------------------+
| Active Event Terms in Mode: 'reset' |
+---------+---------------------------+
|  Index  | Name                      |
+---------+---------------------------+
|    0    | reset_base                |
|    1    | reset_robot_joints        |
+---------+---------------------------+

[INFO] Recorder Manager:  <RecorderManager> contains 0 active terms.
+---------------------+
| Active Recorder Terms |
+-----------+---------+
|   Index   | Name    |
+-----------+---------+
+-----------+---------+

[INFO] Action Manager:  <ActionManager> contains 1 active terms.
+------------------------------------+
|  Active Action Terms (shape: 12)   |
+--------+-------------+-------------+
| Index  | Name        |   Dimension |
+--------+-------------+-------------+
|   0    | joint_pos   |          12 |
+--------+-------------+-------------+

[INFO] Observation Manager: <ObservationManager> contains 1 groups.
+---------------------------------------------------------+
| Active Observation Terms in Group: 'policy' (shape: (48,)) |
+-----------+---------------------------------+-----------+
|   Index   | Name                            |   Shape   |
+-----------+---------------------------------+-----------+
|     0     | base_lin_vel                    |    (3,)   |
|     1     | base_ang_vel                    |    (3,)   |
|     2     | projected_gravity               |    (3,)   |
|     3     | velocity_commands               |    (3,)   |
|     4     | joint_pos                       |   (12,)   |
|     5     | joint_vel                       |   (12,)   |
|     6     | actions                         |   (12,)   |
+-----------+---------------------------------+-----------+

[INFO] Termination Manager:  <TerminationManager> contains 2 active terms.
+---------------------------------+
|     Active Termination Terms    |
+-------+--------------+----------+
| Index | Name         | Time Out |
+-------+--------------+----------+
|   0   | time_out     |   True   |
|   1   | base_contact |  False   |
+-------+--------------+----------+

[INFO] Reward Manager:  <RewardManager> contains 10 active terms.
+-----------------------------------------+
|           Active Reward Terms           |
+-------+----------------------+----------+
| Index | Name                 |   Weight |
+-------+----------------------+----------+
|   0   | track_lin_vel_xy_exp |      1.5 |
|   1   | track_ang_vel_z_exp  |     0.75 |
|   2   | lin_vel_z_l2         |     -2.0 |
|   3   | ang_vel_xy_l2        |    -0.05 |
|   4   | dof_torques_l2       |  -0.0002 |
|   5   | dof_acc_l2           | -2.5e-07 |
|   6   | action_rate_l2       |    -0.01 |
|   7   | feet_air_time        |     0.25 |
|   8   | flat_orientation_l2  |     -2.5 |
|   9   | dof_pos_limits       |      0.0 |
+-------+----------------------+----------+

[INFO] Curriculum Manager:  <CurriculumManager> contains 0 active terms.
+----------------------+
| Active Curriculum Terms |
+-----------+----------+
|   Index   | Name     |
+-----------+----------+
+-----------+----------+

[INFO]: Completed setting up the environment...
2026-07-24T13:34:56Z [7,686ms] [Warning] [omni.physx.fabric.plugin] FabricManager::initializePointInstancer mismatched prototypes on point instancer: /Visuals/Command/velocity_goal.
2026-07-24T13:34:56Z [7,686ms] [Warning] [omni.physx.fabric.plugin] FabricManager::initializePointInstancer mismatched prototypes on point instancer: /Visuals/Command/velocity_current.
/home/ubuntu/miniconda3/envs/env_isaaclab/lib/python3.11/site-packages/rsl_rl/utils/utils.py:220: UserWarning: The observation configuration dictionary 'obs_groups' is empty and thus likely not configured. Consider configuring the 'obs_groups' dictionary explicitly
  warnings.warn(
/home/ubuntu/miniconda3/envs/env_isaaclab/lib/python3.11/site-packages/rsl_rl/utils/utils.py:251: UserWarning: The observation configuration dictionary 'obs_groups' does not contain the 'actor' key. As an observation group with the name 'policy' was found, this is assumed to be the appropriate observation. Consider adding the 'actor' key to the 'obs_groups' dictionary for clarity. This behavior will be removed in a future version.
  warnings.warn(
/home/ubuntu/miniconda3/envs/env_isaaclab/lib/python3.11/site-packages/rsl_rl/utils/utils.py:251: UserWarning: The observation configuration dictionary 'obs_groups' does not contain the 'critic' key. As an observation group with the name 'policy' was found, this is assumed to be the appropriate observation. Consider adding the 'critic' key to the 'obs_groups' dictionary for clarity. This behavior will be removed in a future version.
  warnings.warn(
--------------------------------------------------------------------------------
Resolved observation sets: 
	 actor :  ['policy']
	 critic :  ['policy']
--------------------------------------------------------------------------------
Actor Model: MLPModel(
  (obs_normalizer): Identity()
  (distribution): GaussianDistribution()
  (mlp): MLP(
    (0): Linear(in_features=48, out_features=128, bias=True)
    (1): ELU(alpha=1.0)
    (2): Linear(in_features=128, out_features=128, bias=True)
    (3): ELU(alpha=1.0)
    (4): Linear(in_features=128, out_features=128, bias=True)
    (5): ELU(alpha=1.0)
    (6): Linear(in_features=128, out_features=12, bias=True)
  )
)
Critic Model: MLPModel(
  (obs_normalizer): Identity()
  (mlp): MLP(
    (0): Linear(in_features=48, out_features=128, bias=True)
    (1): ELU(alpha=1.0)
    (2): Linear(in_features=128, out_features=128, bias=True)
    (3): ELU(alpha=1.0)
    (4): Linear(in_features=128, out_features=128, bias=True)
    (5): ELU(alpha=1.0)
    (6): Linear(in_features=128, out_features=1, bias=True)
  )
)
[    baseline_full_dr |       friction/hard    ] return=   36.63  fall_rate=0.00  stuck=0
--------------------------------------------------------------------------------
Resolved observation sets: 
	 actor :  ['policy']
	 critic :  ['policy']
--------------------------------------------------------------------------------
Actor Model: MLPModel(
  (obs_normalizer): Identity()
  (distribution): GaussianDistribution()
  (mlp): MLP(
    (0): Linear(in_features=48, out_features=128, bias=True)
    (1): ELU(alpha=1.0)
    (2): Linear(in_features=128, out_features=128, bias=True)
    (3): ELU(alpha=1.0)
    (4): Linear(in_features=128, out_features=128, bias=True)
    (5): ELU(alpha=1.0)
    (6): Linear(in_features=128, out_features=12, bias=True)
  )
)
Critic Model: MLPModel(
  (obs_normalizer): Identity()
  (mlp): MLP(
    (0): Linear(in_features=48, out_features=128, bias=True)
    (1): ELU(alpha=1.0)
    (2): Linear(in_features=128, out_features=128, bias=True)
    (3): ELU(alpha=1.0)
    (4): Linear(in_features=128, out_features=128, bias=True)
    (5): ELU(alpha=1.0)
    (6): Linear(in_features=128, out_features=1, bias=True)
  )
)
[         no_friction |       friction/hard    ] return=   35.03  fall_rate=0.00  stuck=0
--------------------------------------------------------------------------------
Resolved observation sets: 
	 actor :  ['policy']
	 critic :  ['policy']
--------------------------------------------------------------------------------
Actor Model: MLPModel(
  (obs_normalizer): Identity()
  (distribution): GaussianDistribution()
  (mlp): MLP(
    (0): Linear(in_features=48, out_features=128, bias=True)
    (1): ELU(alpha=1.0)
    (2): Linear(in_features=128, out_features=128, bias=True)
    (3): ELU(alpha=1.0)
    (4): Linear(in_features=128, out_features=128, bias=True)
    (5): ELU(alpha=1.0)
    (6): Linear(in_features=128, out_features=12, bias=True)
  )
)
Critic Model: MLPModel(
  (obs_normalizer): Identity()
  (mlp): MLP(
    (0): Linear(in_features=48, out_features=128, bias=True)
    (1): ELU(alpha=1.0)
    (2): Linear(in_features=128, out_features=128, bias=True)
    (3): ELU(alpha=1.0)
    (4): Linear(in_features=128, out_features=128, bias=True)
    (5): ELU(alpha=1.0)
    (6): Linear(in_features=128, out_features=1, bias=True)
  )
)
[             no_mass |       friction/hard    ] return=   37.25  fall_rate=0.00  stuck=0
--------------------------------------------------------------------------------
Resolved observation sets: 
	 actor :  ['policy']
	 critic :  ['policy']
--------------------------------------------------------------------------------
Actor Model: MLPModel(
  (obs_normalizer): Identity()
  (distribution): GaussianDistribution()
  (mlp): MLP(
    (0): Linear(in_features=48, out_features=128, bias=True)
    (1): ELU(alpha=1.0)
    (2): Linear(in_features=128, out_features=128, bias=True)
    (3): ELU(alpha=1.0)
    (4): Linear(in_features=128, out_features=128, bias=True)
    (5): ELU(alpha=1.0)
    (6): Linear(in_features=128, out_features=12, bias=True)
  )
)
Critic Model: MLPModel(
  (obs_normalizer): Identity()
  (mlp): MLP(
    (0): Linear(in_features=48, out_features=128, bias=True)
    (1): ELU(alpha=1.0)
    (2): Linear(in_features=128, out_features=128, bias=True)
    (3): ELU(alpha=1.0)
    (4): Linear(in_features=128, out_features=128, bias=True)
    (5): ELU(alpha=1.0)
    (6): Linear(in_features=128, out_features=1, bias=True)
  )
)
[   no_motor_strength |       friction/hard    ] return=   35.59  fall_rate=0.03  stuck=0
--------------------------------------------------------------------------------
Resolved observation sets: 
	 actor :  ['policy']
	 critic :  ['policy']
--------------------------------------------------------------------------------
Actor Model: MLPModel(
  (obs_normalizer): Identity()
  (distribution): GaussianDistribution()
  (mlp): MLP(
    (0): Linear(in_features=48, out_features=128, bias=True)
    (1): ELU(alpha=1.0)
    (2): Linear(in_features=128, out_features=128, bias=True)
    (3): ELU(alpha=1.0)
    (4): Linear(in_features=128, out_features=128, bias=True)
    (5): ELU(alpha=1.0)
    (6): Linear(in_features=128, out_features=12, bias=True)
  )
)
Critic Model: MLPModel(
  (obs_normalizer): Identity()
  (mlp): MLP(
    (0): Linear(in_features=48, out_features=128, bias=True)
    (1): ELU(alpha=1.0)
    (2): Linear(in_features=128, out_features=128, bias=True)
    (3): ELU(alpha=1.0)
    (4): Linear(in_features=128, out_features=128, bias=True)
    (5): ELU(alpha=1.0)
    (6): Linear(in_features=128, out_features=1, bias=True)
  )
)
[     no_sensor_noise |       friction/hard    ] return=   37.73  fall_rate=0.03  stuck=0
--------------------------------------------------------------------------------
Resolved observation sets: 
	 actor :  ['policy']
	 critic :  ['policy']
--------------------------------------------------------------------------------
Actor Model: MLPModel(
  (obs_normalizer): Identity()
  (distribution): GaussianDistribution()
  (mlp): MLP(
    (0): Linear(in_features=48, out_features=128, bias=True)
    (1): ELU(alpha=1.0)
    (2): Linear(in_features=128, out_features=128, bias=True)
    (3): ELU(alpha=1.0)
    (4): Linear(in_features=128, out_features=128, bias=True)
    (5): ELU(alpha=1.0)
    (6): Linear(in_features=128, out_features=12, bias=True)
  )
)
Critic Model: MLPModel(
  (obs_normalizer): Identity()
  (mlp): MLP(
    (0): Linear(in_features=48, out_features=128, bias=True)
    (1): ELU(alpha=1.0)
    (2): Linear(in_features=128, out_features=128, bias=True)
    (3): ELU(alpha=1.0)
    (4): Linear(in_features=128, out_features=128, bias=True)
    (5): ELU(alpha=1.0)
    (6): Linear(in_features=128, out_features=1, bias=True)
  )
)
[   no_action_latency |       friction/hard    ] return=   37.86  fall_rate=0.03  stuck=0
2026-07-24T13:36:53Z [124,793ms] [Warning] [omni.physx.foundation.plugin] PhysXFoundation: Calling createGpuFoundation without first releasing already acquired instances with releaseGpuFoundation!
2026-07-24T13:36:53Z [124,818ms] [Error] [carb.graphics-vulkan.plugin] VkResult: ERROR_INCOMPATIBLE_DRIVER
2026-07-24T13:36:53Z [124,818ms] [Error] [carb.graphics-vulkan.plugin] vkCreateInstance failed. Vulkan 1.1 is not supported, or your driver requires an update.
2026-07-24T13:36:53Z [124,818ms] [Error] [gpu.foundation.plugin] carb::graphics::createInstance failed.
2026-07-24T13:36:53Z [124,929ms] [Error] [gpu.foundation.plugin] Invalid getDeviceInfo parameters.
2026-07-24T13:36:53Z [124,929ms] [Warning] [omni.physx.foundation.plugin] PhysXFoundation: Couldn't get driver version, failed to getDeviceInfo
2026-07-24T13:36:53Z [124,929ms] [Warning] [omni.physx.foundation.plugin] PhysXFoundation: Unable to get IGpuFoundation, GpuDevices or Graphics!
[INFO][AppLauncher]: Using device: cuda:0
[INFO][AppLauncher]: Loading experience file: /home/ubuntu/IsaacLab/apps/isaaclab.python.headless.kit
Loading user config located at: '/home/ubuntu/miniconda3/envs/env_isaaclab/lib/python3.11/site-packages/isaacsim/kit/data/Kit/Isaac-Sim/5.1/user.config.json'
[Info] [carb] Logging to file: /home/ubuntu/miniconda3/envs/env_isaaclab/lib/python3.11/site-packages/isaacsim/kit/logs/Kit/Isaac-Sim/5.1/kit_20260724_133654.log
2026-07-24T13:36:54Z [97ms] [Warning] [omni.usd_config.extension] Enable omni.materialx.libs extension to use MaterialX
2026-07-24T13:36:54Z [384ms] [Warning] [omni.platforminfo.plugin] failed to open the default display.  Can't verify X Server version.
2026-07-24T13:36:54Z [577ms] [Warning] [carb] Acquiring non optional plugin interface which is not listed as dependency: [omni::physx::IPhysxBenchmarks v1.0] (plugin: <default plugin>), by client: omni.physics.physx.plugin. Add it to CARB_PLUGIN_IMPL_DEPS() macro of a client.
2026-07-24T13:36:54Z [587ms] [Warning] [omni.isaac.dynamic_control] omni.isaac.dynamic_control is deprecated as of Isaac Sim 4.5. No action is needed from end-users.
2026-07-24T13:36:58Z [4,181ms] [Error] [carb.graphics-vulkan.plugin] VkResult: ERROR_INCOMPATIBLE_DRIVER
2026-07-24T13:36:58Z [4,181ms] [Error] [carb.graphics-vulkan.plugin] vkCreateInstance failed. Vulkan 1.1 is not supported, or your driver requires an update.
2026-07-24T13:36:58Z [4,181ms] [Error] [gpu.foundation.plugin] carb::graphics::createInstance failed.
2026-07-24T13:36:58Z [4,271ms] [Error] [gpu.foundation.plugin] Invalid getDeviceInfo parameters.
2026-07-24T13:36:58Z [4,271ms] [Warning] [omni.physx.foundation.plugin] PhysXFoundation: Couldn't get driver version, failed to getDeviceInfo
2026-07-24T13:36:58Z [4,271ms] [Warning] [omni.physx.foundation.plugin] PhysXFoundation: Unable to get IGpuFoundation, GpuDevices or Graphics!
2026-07-24T13:36:59Z [5,692ms] [Warning] [isaaclab.envs.manager_based_env] Seed not set for the environment. The environment creation may not be deterministic.

[36m======================================================================================[0m
[36m[1m[INFO][IsaacLab]: Logging to file: /tmp/isaaclab/logs/isaaclab_2026-07-24_13-36-59.log[0m
[36m======================================================================================[0m

[33m13:36:59 [simulation_context.py] WARNING: The `enable_external_forces_every_iteration` parameter in the PhysxCfg is set to False. If you are experiencing noisy velocities, consider enabling this flag. You may need to slightly increase the number of velocity iterations (setting it to 1 or 2 rather than 0), together with this flag, to improve the accuracy of velocity updates.[0m
[INFO]: Base environment:
	Environment device    : cuda:0
	Environment seed      : None
	Physics step-size     : 0.005
	Rendering step-size   : 0.02
	Environment step-size : 0.02
[33m13:37:00 [terrain_importer.py] WARNING: Visual material specified for ground plane but no diffuse color found. Using default color: (0.0, 0.0, 0.0)[0m
[INFO]: Time taken for scene creation : 0.701068 seconds
[INFO]: Scene manager:  <class InteractiveScene>
	Number of environments: 30
	Environment spacing   : 2.5
	Source prim name      : /World/envs/env_0
	Global prim paths     : ['/World/ground']
	Replicate physics     : True
[INFO]: Starting the simulation. This may take a few seconds. Please wait...
[INFO]: Time taken for simulation start : 0.599545 seconds
2026-07-24T13:37:01Z [7,234ms] [Warning] [rtx.neuraylib.plugin] [LINK:PLUGIN]   0.0   LINK   plug warn : Loading /home/ubuntu/miniconda3/envs/env_isaaclab/lib/python3.11/site-packages/isaacsim/extscache/omni.iray.libs-0.0.0+69cbf6ad.lx64.r/bin/iray/nvcuvid_video_decoder.so: libnvcuvid.so.1: cannot open shared object file: No such file or directory
2026-07-24T13:37:01Z [7,234ms] [Warning] [rtx.neuraylib.plugin] [LINK:PLUGIN]   0.0   LINK   plug warn : Loading .\nt-x86-64\lib\nvcuvid_video_decoder.so: .\nt-x86-64\lib\nvcuvid_video_decoder.so: cannot open shared object file: No such file or directory
2026-07-24T13:37:01Z [7,234ms] [Warning] [rtx.neuraylib.plugin] Failed to load nvcuvid h264 decoder plugin. Iray Bridge h264 support will not be available.
[INFO] Command Manager:  <CommandManager> contains 1 active terms.
+------------------------------------------------+
|              Active Command Terms              |
+-------+---------------+------------------------+
| Index | Name          |          Type          |
+-------+---------------+------------------------+
|   0   | base_velocity | UniformVelocityCommand |
+-------+---------------+------------------------+

[INFO] Event Manager:  <EventManager> contains 2 active terms.
+--------------------------------------+
| Active Event Terms in Mode: 'startup' |
+----------+---------------------------+
|  Index   | Name                      |
+----------+---------------------------+
|    0     | physics_material          |
|    1     | add_base_mass             |
+----------+---------------------------+
+-------------------------------------+
| Active Event Terms in Mode: 'reset' |
+---------+---------------------------+
|  Index  | Name                      |
+---------+---------------------------+
|    0    | reset_base                |
|    1    | reset_robot_joints        |
+---------+---------------------------+

[INFO] Recorder Manager:  <RecorderManager> contains 0 active terms.
+---------------------+
| Active Recorder Terms |
+-----------+---------+
|   Index   | Name    |
+-----------+---------+
+-----------+---------+

[INFO] Action Manager:  <ActionManager> contains 1 active terms.
+------------------------------------+
|  Active Action Terms (shape: 12)   |
+--------+-------------+-------------+
| Index  | Name        |   Dimension |
+--------+-------------+-------------+
|   0    | joint_pos   |          12 |
+--------+-------------+-------------+

[INFO] Observation Manager: <ObservationManager> contains 1 groups.
+---------------------------------------------------------+
| Active Observation Terms in Group: 'policy' (shape: (48,)) |
+-----------+---------------------------------+-----------+
|   Index   | Name                            |   Shape   |
+-----------+---------------------------------+-----------+
|     0     | base_lin_vel                    |    (3,)   |
|     1     | base_ang_vel                    |    (3,)   |
|     2     | projected_gravity               |    (3,)   |
|     3     | velocity_commands               |    (3,)   |
|     4     | joint_pos                       |   (12,)   |
|     5     | joint_vel                       |   (12,)   |
|     6     | actions                         |   (12,)   |
+-----------+---------------------------------+-----------+

[INFO] Termination Manager:  <TerminationManager> contains 2 active terms.
+---------------------------------+
|     Active Termination Terms    |
+-------+--------------+----------+
| Index | Name         | Time Out |
+-------+--------------+----------+
|   0   | time_out     |   True   |
|   1   | base_contact |  False   |
+-------+--------------+----------+

[INFO] Reward Manager:  <RewardManager> contains 10 active terms.
+-----------------------------------------+
|           Active Reward Terms           |
+-------+----------------------+----------+
| Index | Name                 |   Weight |
+-------+----------------------+----------+
|   0   | track_lin_vel_xy_exp |      1.5 |
|   1   | track_ang_vel_z_exp  |     0.75 |
|   2   | lin_vel_z_l2         |     -2.0 |
|   3   | ang_vel_xy_l2        |    -0.05 |
|   4   | dof_torques_l2       |  -0.0002 |
|   5   | dof_acc_l2           | -2.5e-07 |
|   6   | action_rate_l2       |    -0.01 |
|   7   | feet_air_time        |     0.25 |
|   8   | flat_orientation_l2  |     -2.5 |
|   9   | dof_pos_limits       |      0.0 |
+-------+----------------------+----------+

[INFO] Curriculum Manager:  <CurriculumManager> contains 0 active terms.
+----------------------+
| Active Curriculum Terms |
+-----------+----------+
|   Index   | Name     |
+-----------+----------+
+-----------+----------+

[INFO]: Completed setting up the environment...
2026-07-24T13:37:01Z [7,644ms] [Warning] [omni.physx.fabric.plugin] FabricManager::initializePointInstancer mismatched prototypes on point instancer: /Visuals/Command/velocity_goal.
2026-07-24T13:37:01Z [7,644ms] [Warning] [omni.physx.fabric.plugin] FabricManager::initializePointInstancer mismatched prototypes on point instancer: /Visuals/Command/velocity_current.
/home/ubuntu/miniconda3/envs/env_isaaclab/lib/python3.11/site-packages/rsl_rl/utils/utils.py:220: UserWarning: The observation configuration dictionary 'obs_groups' is empty and thus likely not configured. Consider configuring the 'obs_groups' dictionary explicitly
  warnings.warn(
/home/ubuntu/miniconda3/envs/env_isaaclab/lib/python3.11/site-packages/rsl_rl/utils/utils.py:251: UserWarning: The observation configuration dictionary 'obs_groups' does not contain the 'actor' key. As an observation group with the name 'policy' was found, this is assumed to be the appropriate observation. Consider adding the 'actor' key to the 'obs_groups' dictionary for clarity. This behavior will be removed in a future version.
  warnings.warn(
/home/ubuntu/miniconda3/envs/env_isaaclab/lib/python3.11/site-packages/rsl_rl/utils/utils.py:251: UserWarning: The observation configuration dictionary 'obs_groups' does not contain the 'critic' key. As an observation group with the name 'policy' was found, this is assumed to be the appropriate observation. Consider adding the 'critic' key to the 'obs_groups' dictionary for clarity. This behavior will be removed in a future version.
  warnings.warn(
--------------------------------------------------------------------------------
Resolved observation sets: 
	 actor :  ['policy']
	 critic :  ['policy']
--------------------------------------------------------------------------------
Actor Model: MLPModel(
  (obs_normalizer): Identity()
  (distribution): GaussianDistribution()
  (mlp): MLP(
    (0): Linear(in_features=48, out_features=128, bias=True)
    (1): ELU(alpha=1.0)
    (2): Linear(in_features=128, out_features=128, bias=True)
    (3): ELU(alpha=1.0)
    (4): Linear(in_features=128, out_features=128, bias=True)
    (5): ELU(alpha=1.0)
    (6): Linear(in_features=128, out_features=12, bias=True)
  )
)
Critic Model: MLPModel(
  (obs_normalizer): Identity()
  (mlp): MLP(
    (0): Linear(in_features=48, out_features=128, bias=True)
    (1): ELU(alpha=1.0)
    (2): Linear(in_features=128, out_features=128, bias=True)
    (3): ELU(alpha=1.0)
    (4): Linear(in_features=128, out_features=128, bias=True)
    (5): ELU(alpha=1.0)
    (6): Linear(in_features=128, out_features=1, bias=True)
  )
)
[    baseline_full_dr |           mass/moderate] return=   39.57  fall_rate=0.00  stuck=0
--------------------------------------------------------------------------------
Resolved observation sets: 
	 actor :  ['policy']
	 critic :  ['policy']
--------------------------------------------------------------------------------
Actor Model: MLPModel(
  (obs_normalizer): Identity()
  (distribution): GaussianDistribution()
  (mlp): MLP(
    (0): Linear(in_features=48, out_features=128, bias=True)
    (1): ELU(alpha=1.0)
    (2): Linear(in_features=128, out_features=128, bias=True)
    (3): ELU(alpha=1.0)
    (4): Linear(in_features=128, out_features=128, bias=True)
    (5): ELU(alpha=1.0)
    (6): Linear(in_features=128, out_features=12, bias=True)
  )
)
Critic Model: MLPModel(
  (obs_normalizer): Identity()
  (mlp): MLP(
    (0): Linear(in_features=48, out_features=128, bias=True)
    (1): ELU(alpha=1.0)
    (2): Linear(in_features=128, out_features=128, bias=True)
    (3): ELU(alpha=1.0)
    (4): Linear(in_features=128, out_features=128, bias=True)
    (5): ELU(alpha=1.0)
    (6): Linear(in_features=128, out_features=1, bias=True)
  )
)
[         no_friction |           mass/moderate] return=   39.49  fall_rate=0.00  stuck=0
--------------------------------------------------------------------------------
Resolved observation sets: 
	 actor :  ['policy']
	 critic :  ['policy']
--------------------------------------------------------------------------------
Actor Model: MLPModel(
  (obs_normalizer): Identity()
  (distribution): GaussianDistribution()
  (mlp): MLP(
    (0): Linear(in_features=48, out_features=128, bias=True)
    (1): ELU(alpha=1.0)
    (2): Linear(in_features=128, out_features=128, bias=True)
    (3): ELU(alpha=1.0)
    (4): Linear(in_features=128, out_features=128, bias=True)
    (5): ELU(alpha=1.0)
    (6): Linear(in_features=128, out_features=12, bias=True)
  )
)
Critic Model: MLPModel(
  (obs_normalizer): Identity()
  (mlp): MLP(
    (0): Linear(in_features=48, out_features=128, bias=True)
    (1): ELU(alpha=1.0)
    (2): Linear(in_features=128, out_features=128, bias=True)
    (3): ELU(alpha=1.0)
    (4): Linear(in_features=128, out_features=128, bias=True)
    (5): ELU(alpha=1.0)
    (6): Linear(in_features=128, out_features=1, bias=True)
  )
)
[             no_mass |           mass/moderate] return=   38.71  fall_rate=0.00  stuck=0
--------------------------------------------------------------------------------
Resolved observation sets: 
	 actor :  ['policy']
	 critic :  ['policy']
--------------------------------------------------------------------------------
Actor Model: MLPModel(
  (obs_normalizer): Identity()
  (distribution): GaussianDistribution()
  (mlp): MLP(
    (0): Linear(in_features=48, out_features=128, bias=True)
    (1): ELU(alpha=1.0)
    (2): Linear(in_features=128, out_features=128, bias=True)
    (3): ELU(alpha=1.0)
    (4): Linear(in_features=128, out_features=128, bias=True)
    (5): ELU(alpha=1.0)
    (6): Linear(in_features=128, out_features=12, bias=True)
  )
)
Critic Model: MLPModel(
  (obs_normalizer): Identity()
  (mlp): MLP(
    (0): Linear(in_features=48, out_features=128, bias=True)
    (1): ELU(alpha=1.0)
    (2): Linear(in_features=128, out_features=128, bias=True)
    (3): ELU(alpha=1.0)
    (4): Linear(in_features=128, out_features=128, bias=True)
    (5): ELU(alpha=1.0)
    (6): Linear(in_features=128, out_features=1, bias=True)
  )
)
[   no_motor_strength |           mass/moderate] return=   39.65  fall_rate=0.00  stuck=0
--------------------------------------------------------------------------------
Resolved observation sets: 
	 actor :  ['policy']
	 critic :  ['policy']
--------------------------------------------------------------------------------
Actor Model: MLPModel(
  (obs_normalizer): Identity()
  (distribution): GaussianDistribution()
  (mlp): MLP(
    (0): Linear(in_features=48, out_features=128, bias=True)
    (1): ELU(alpha=1.0)
    (2): Linear(in_features=128, out_features=128, bias=True)
    (3): ELU(alpha=1.0)
    (4): Linear(in_features=128, out_features=128, bias=True)
    (5): ELU(alpha=1.0)
    (6): Linear(in_features=128, out_features=12, bias=True)
  )
)
Critic Model: MLPModel(
  (obs_normalizer): Identity()
  (mlp): MLP(
    (0): Linear(in_features=48, out_features=128, bias=True)
    (1): ELU(alpha=1.0)
    (2): Linear(in_features=128, out_features=128, bias=True)
    (3): ELU(alpha=1.0)
    (4): Linear(in_features=128, out_features=128, bias=True)
    (5): ELU(alpha=1.0)
    (6): Linear(in_features=128, out_features=1, bias=True)
  )
)
[     no_sensor_noise |           mass/moderate] return=   39.60  fall_rate=0.00  stuck=0
--------------------------------------------------------------------------------
Resolved observation sets: 
	 actor :  ['policy']
	 critic :  ['policy']
--------------------------------------------------------------------------------
Actor Model: MLPModel(
  (obs_normalizer): Identity()
  (distribution): GaussianDistribution()
  (mlp): MLP(
    (0): Linear(in_features=48, out_features=128, bias=True)
    (1): ELU(alpha=1.0)
    (2): Linear(in_features=128, out_features=128, bias=True)
    (3): ELU(alpha=1.0)
    (4): Linear(in_features=128, out_features=128, bias=True)
    (5): ELU(alpha=1.0)
    (6): Linear(in_features=128, out_features=12, bias=True)
  )
)
Critic Model: MLPModel(
  (obs_normalizer): Identity()
  (mlp): MLP(
    (0): Linear(in_features=48, out_features=128, bias=True)
    (1): ELU(alpha=1.0)
    (2): Linear(in_features=128, out_features=128, bias=True)
    (3): ELU(alpha=1.0)
    (4): Linear(in_features=128, out_features=128, bias=True)
    (5): ELU(alpha=1.0)
    (6): Linear(in_features=128, out_features=1, bias=True)
  )
)
[   no_action_latency |           mass/moderate] return=   39.60  fall_rate=0.00  stuck=0
2026-07-24T13:39:00Z [125,838ms] [Warning] [omni.physx.foundation.plugin] PhysXFoundation: Calling createGpuFoundation without first releasing already acquired instances with releaseGpuFoundation!
2026-07-24T13:39:00Z [125,863ms] [Error] [carb.graphics-vulkan.plugin] VkResult: ERROR_INCOMPATIBLE_DRIVER
2026-07-24T13:39:00Z [125,863ms] [Error] [carb.graphics-vulkan.plugin] vkCreateInstance failed. Vulkan 1.1 is not supported, or your driver requires an update.
2026-07-24T13:39:00Z [125,863ms] [Error] [gpu.foundation.plugin] carb::graphics::createInstance failed.
2026-07-24T13:39:00Z [125,975ms] [Error] [gpu.foundation.plugin] Invalid getDeviceInfo parameters.
2026-07-24T13:39:00Z [125,975ms] [Warning] [omni.physx.foundation.plugin] PhysXFoundation: Couldn't get driver version, failed to getDeviceInfo
2026-07-24T13:39:00Z [125,975ms] [Warning] [omni.physx.foundation.plugin] PhysXFoundation: Unable to get IGpuFoundation, GpuDevices or Graphics!
[INFO][AppLauncher]: Using device: cuda:0
[INFO][AppLauncher]: Loading experience file: /home/ubuntu/IsaacLab/apps/isaaclab.python.headless.kit
Loading user config located at: '/home/ubuntu/miniconda3/envs/env_isaaclab/lib/python3.11/site-packages/isaacsim/kit/data/Kit/Isaac-Sim/5.1/user.config.json'
[Info] [carb] Logging to file: /home/ubuntu/miniconda3/envs/env_isaaclab/lib/python3.11/site-packages/isaacsim/kit/logs/Kit/Isaac-Sim/5.1/kit_20260724_133900.log
2026-07-24T13:39:00Z [98ms] [Warning] [omni.usd_config.extension] Enable omni.materialx.libs extension to use MaterialX
2026-07-24T13:39:00Z [386ms] [Warning] [omni.platforminfo.plugin] failed to open the default display.  Can't verify X Server version.
2026-07-24T13:39:01Z [581ms] [Warning] [carb] Acquiring non optional plugin interface which is not listed as dependency: [omni::physx::IPhysxBenchmarks v1.0] (plugin: <default plugin>), by client: omni.physics.physx.plugin. Add it to CARB_PLUGIN_IMPL_DEPS() macro of a client.
2026-07-24T13:39:01Z [590ms] [Warning] [omni.isaac.dynamic_control] omni.isaac.dynamic_control is deprecated as of Isaac Sim 4.5. No action is needed from end-users.
2026-07-24T13:39:04Z [4,150ms] [Error] [carb.graphics-vulkan.plugin] VkResult: ERROR_INCOMPATIBLE_DRIVER
2026-07-24T13:39:04Z [4,150ms] [Error] [carb.graphics-vulkan.plugin] vkCreateInstance failed. Vulkan 1.1 is not supported, or your driver requires an update.
2026-07-24T13:39:04Z [4,150ms] [Error] [gpu.foundation.plugin] carb::graphics::createInstance failed.
2026-07-24T13:39:04Z [4,240ms] [Error] [gpu.foundation.plugin] Invalid getDeviceInfo parameters.
2026-07-24T13:39:04Z [4,240ms] [Warning] [omni.physx.foundation.plugin] PhysXFoundation: Couldn't get driver version, failed to getDeviceInfo
2026-07-24T13:39:04Z [4,240ms] [Warning] [omni.physx.foundation.plugin] PhysXFoundation: Unable to get IGpuFoundation, GpuDevices or Graphics!
2026-07-24T13:39:06Z [5,656ms] [Warning] [isaaclab.envs.manager_based_env] Seed not set for the environment. The environment creation may not be deterministic.

[36m======================================================================================[0m
[36m[1m[INFO][IsaacLab]: Logging to file: /tmp/isaaclab/logs/isaaclab_2026-07-24_13-39-06.log[0m
[36m======================================================================================[0m

[33m13:39:06 [simulation_context.py] WARNING: The `enable_external_forces_every_iteration` parameter in the PhysxCfg is set to False. If you are experiencing noisy velocities, consider enabling this flag. You may need to slightly increase the number of velocity iterations (setting it to 1 or 2 rather than 0), together with this flag, to improve the accuracy of velocity updates.[0m
[INFO]: Base environment:
	Environment device    : cuda:0
	Environment seed      : None
	Physics step-size     : 0.005
	Rendering step-size   : 0.02
	Environment step-size : 0.02
[33m13:39:06 [terrain_importer.py] WARNING: Visual material specified for ground plane but no diffuse color found. Using default color: (0.0, 0.0, 0.0)[0m
[INFO]: Time taken for scene creation : 0.915073 seconds
[INFO]: Scene manager:  <class InteractiveScene>
	Number of environments: 30
	Environment spacing   : 2.5
	Source prim name      : /World/envs/env_0
	Global prim paths     : ['/World/ground']
	Replicate physics     : True
[INFO]: Starting the simulation. This may take a few seconds. Please wait...
[INFO]: Time taken for simulation start : 0.607492 seconds
2026-07-24T13:39:07Z [7,419ms] [Warning] [rtx.neuraylib.plugin] [LINK:PLUGIN]   0.0   LINK   plug warn : Loading /home/ubuntu/miniconda3/envs/env_isaaclab/lib/python3.11/site-packages/isaacsim/extscache/omni.iray.libs-0.0.0+69cbf6ad.lx64.r/bin/iray/nvcuvid_video_decoder.so: libnvcuvid.so.1: cannot open shared object file: No such file or directory
2026-07-24T13:39:07Z [7,419ms] [Warning] [rtx.neuraylib.plugin] [LINK:PLUGIN]   0.0   LINK   plug warn : Loading .\nt-x86-64\lib\nvcuvid_video_decoder.so: .\nt-x86-64\lib\nvcuvid_video_decoder.so: cannot open shared object file: No such file or directory
2026-07-24T13:39:07Z [7,419ms] [Warning] [rtx.neuraylib.plugin] Failed to load nvcuvid h264 decoder plugin. Iray Bridge h264 support will not be available.
[INFO] Command Manager:  <CommandManager> contains 1 active terms.
+------------------------------------------------+
|              Active Command Terms              |
+-------+---------------+------------------------+
| Index | Name          |          Type          |
+-------+---------------+------------------------+
|   0   | base_velocity | UniformVelocityCommand |
+-------+---------------+------------------------+

[INFO] Event Manager:  <EventManager> contains 2 active terms.
+--------------------------------------+
| Active Event Terms in Mode: 'startup' |
+----------+---------------------------+
|  Index   | Name                      |
+----------+---------------------------+
|    0     | physics_material          |
|    1     | add_base_mass             |
+----------+---------------------------+
+-------------------------------------+
| Active Event Terms in Mode: 'reset' |
+---------+---------------------------+
|  Index  | Name                      |
+---------+---------------------------+
|    0    | reset_base                |
|    1    | reset_robot_joints        |
+---------+---------------------------+

[INFO] Recorder Manager:  <RecorderManager> contains 0 active terms.
+---------------------+
| Active Recorder Terms |
+-----------+---------+
|   Index   | Name    |
+-----------+---------+
+-----------+---------+

[INFO] Action Manager:  <ActionManager> contains 1 active terms.
+------------------------------------+
|  Active Action Terms (shape: 12)   |
+--------+-------------+-------------+
| Index  | Name        |   Dimension |
+--------+-------------+-------------+
|   0    | joint_pos   |          12 |
+--------+-------------+-------------+

[INFO] Observation Manager: <ObservationManager> contains 1 groups.
+---------------------------------------------------------+
| Active Observation Terms in Group: 'policy' (shape: (48,)) |
+-----------+---------------------------------+-----------+
|   Index   | Name                            |   Shape   |
+-----------+---------------------------------+-----------+
|     0     | base_lin_vel                    |    (3,)   |
|     1     | base_ang_vel                    |    (3,)   |
|     2     | projected_gravity               |    (3,)   |
|     3     | velocity_commands               |    (3,)   |
|     4     | joint_pos                       |   (12,)   |
|     5     | joint_vel                       |   (12,)   |
|     6     | actions                         |   (12,)   |
+-----------+---------------------------------+-----------+

[INFO] Termination Manager:  <TerminationManager> contains 2 active terms.
+---------------------------------+
|     Active Termination Terms    |
+-------+--------------+----------+
| Index | Name         | Time Out |
+-------+--------------+----------+
|   0   | time_out     |   True   |
|   1   | base_contact |  False   |
+-------+--------------+----------+

[INFO] Reward Manager:  <RewardManager> contains 10 active terms.
+-----------------------------------------+
|           Active Reward Terms           |
+-------+----------------------+----------+
| Index | Name                 |   Weight |
+-------+----------------------+----------+
|   0   | track_lin_vel_xy_exp |      1.5 |
|   1   | track_ang_vel_z_exp  |     0.75 |
|   2   | lin_vel_z_l2         |     -2.0 |
|   3   | ang_vel_xy_l2        |    -0.05 |
|   4   | dof_torques_l2       |  -0.0002 |
|   5   | dof_acc_l2           | -2.5e-07 |
|   6   | action_rate_l2       |    -0.01 |
|   7   | feet_air_time        |     0.25 |
|   8   | flat_orientation_l2  |     -2.5 |
|   9   | dof_pos_limits       |      0.0 |
+-------+----------------------+----------+

[INFO] Curriculum Manager:  <CurriculumManager> contains 0 active terms.
+----------------------+
| Active Curriculum Terms |
+-----------+----------+
|   Index   | Name     |
+-----------+----------+
+-----------+----------+

[INFO]: Completed setting up the environment...
2026-07-24T13:39:08Z [7,831ms] [Warning] [omni.physx.fabric.plugin] FabricManager::initializePointInstancer mismatched prototypes on point instancer: /Visuals/Command/velocity_goal.
2026-07-24T13:39:08Z [7,831ms] [Warning] [omni.physx.fabric.plugin] FabricManager::initializePointInstancer mismatched prototypes on point instancer: /Visuals/Command/velocity_current.
/home/ubuntu/miniconda3/envs/env_isaaclab/lib/python3.11/site-packages/rsl_rl/utils/utils.py:220: UserWarning: The observation configuration dictionary 'obs_groups' is empty and thus likely not configured. Consider configuring the 'obs_groups' dictionary explicitly
  warnings.warn(
/home/ubuntu/miniconda3/envs/env_isaaclab/lib/python3.11/site-packages/rsl_rl/utils/utils.py:251: UserWarning: The observation configuration dictionary 'obs_groups' does not contain the 'actor' key. As an observation group with the name 'policy' was found, this is assumed to be the appropriate observation. Consider adding the 'actor' key to the 'obs_groups' dictionary for clarity. This behavior will be removed in a future version.
  warnings.warn(
/home/ubuntu/miniconda3/envs/env_isaaclab/lib/python3.11/site-packages/rsl_rl/utils/utils.py:251: UserWarning: The observation configuration dictionary 'obs_groups' does not contain the 'critic' key. As an observation group with the name 'policy' was found, this is assumed to be the appropriate observation. Consider adding the 'critic' key to the 'obs_groups' dictionary for clarity. This behavior will be removed in a future version.
  warnings.warn(
--------------------------------------------------------------------------------
Resolved observation sets: 
	 actor :  ['policy']
	 critic :  ['policy']
--------------------------------------------------------------------------------
Actor Model: MLPModel(
  (obs_normalizer): Identity()
  (distribution): GaussianDistribution()
  (mlp): MLP(
    (0): Linear(in_features=48, out_features=128, bias=True)
    (1): ELU(alpha=1.0)
    (2): Linear(in_features=128, out_features=128, bias=True)
    (3): ELU(alpha=1.0)
    (4): Linear(in_features=128, out_features=128, bias=True)
    (5): ELU(alpha=1.0)
    (6): Linear(in_features=128, out_features=12, bias=True)
  )
)
Critic Model: MLPModel(
  (obs_normalizer): Identity()
  (mlp): MLP(
    (0): Linear(in_features=48, out_features=128, bias=True)
    (1): ELU(alpha=1.0)
    (2): Linear(in_features=128, out_features=128, bias=True)
    (3): ELU(alpha=1.0)
    (4): Linear(in_features=128, out_features=128, bias=True)
    (5): ELU(alpha=1.0)
    (6): Linear(in_features=128, out_features=1, bias=True)
  )
)
[    baseline_full_dr |           mass/hard    ] return=   38.33  fall_rate=0.00  stuck=0
--------------------------------------------------------------------------------
Resolved observation sets: 
	 actor :  ['policy']
	 critic :  ['policy']
--------------------------------------------------------------------------------
Actor Model: MLPModel(
  (obs_normalizer): Identity()
  (distribution): GaussianDistribution()
  (mlp): MLP(
    (0): Linear(in_features=48, out_features=128, bias=True)
    (1): ELU(alpha=1.0)
    (2): Linear(in_features=128, out_features=128, bias=True)
    (3): ELU(alpha=1.0)
    (4): Linear(in_features=128, out_features=128, bias=True)
    (5): ELU(alpha=1.0)
    (6): Linear(in_features=128, out_features=12, bias=True)
  )
)
Critic Model: MLPModel(
  (obs_normalizer): Identity()
  (mlp): MLP(
    (0): Linear(in_features=48, out_features=128, bias=True)
    (1): ELU(alpha=1.0)
    (2): Linear(in_features=128, out_features=128, bias=True)
    (3): ELU(alpha=1.0)
    (4): Linear(in_features=128, out_features=128, bias=True)
    (5): ELU(alpha=1.0)
    (6): Linear(in_features=128, out_features=1, bias=True)
  )
)
[         no_friction |           mass/hard    ] return=   38.70  fall_rate=0.00  stuck=0
--------------------------------------------------------------------------------
Resolved observation sets: 
	 actor :  ['policy']
	 critic :  ['policy']
--------------------------------------------------------------------------------
Actor Model: MLPModel(
  (obs_normalizer): Identity()
  (distribution): GaussianDistribution()
  (mlp): MLP(
    (0): Linear(in_features=48, out_features=128, bias=True)
    (1): ELU(alpha=1.0)
    (2): Linear(in_features=128, out_features=128, bias=True)
    (3): ELU(alpha=1.0)
    (4): Linear(in_features=128, out_features=128, bias=True)
    (5): ELU(alpha=1.0)
    (6): Linear(in_features=128, out_features=12, bias=True)
  )
)
Critic Model: MLPModel(
  (obs_normalizer): Identity()
  (mlp): MLP(
    (0): Linear(in_features=48, out_features=128, bias=True)
    (1): ELU(alpha=1.0)
    (2): Linear(in_features=128, out_features=128, bias=True)
    (3): ELU(alpha=1.0)
    (4): Linear(in_features=128, out_features=128, bias=True)
    (5): ELU(alpha=1.0)
    (6): Linear(in_features=128, out_features=1, bias=True)
  )
)
[             no_mass |           mass/hard    ] return=   37.25  fall_rate=0.00  stuck=0
--------------------------------------------------------------------------------
Resolved observation sets: 
	 actor :  ['policy']
	 critic :  ['policy']
--------------------------------------------------------------------------------
Actor Model: MLPModel(
  (obs_normalizer): Identity()
  (distribution): GaussianDistribution()
  (mlp): MLP(
    (0): Linear(in_features=48, out_features=128, bias=True)
    (1): ELU(alpha=1.0)
    (2): Linear(in_features=128, out_features=128, bias=True)
    (3): ELU(alpha=1.0)
    (4): Linear(in_features=128, out_features=128, bias=True)
    (5): ELU(alpha=1.0)
    (6): Linear(in_features=128, out_features=12, bias=True)
  )
)
Critic Model: MLPModel(
  (obs_normalizer): Identity()
  (mlp): MLP(
    (0): Linear(in_features=48, out_features=128, bias=True)
    (1): ELU(alpha=1.0)
    (2): Linear(in_features=128, out_features=128, bias=True)
    (3): ELU(alpha=1.0)
    (4): Linear(in_features=128, out_features=128, bias=True)
    (5): ELU(alpha=1.0)
    (6): Linear(in_features=128, out_features=1, bias=True)
  )
)
[   no_motor_strength |           mass/hard    ] return=   38.27  fall_rate=0.00  stuck=0
--------------------------------------------------------------------------------
Resolved observation sets: 
	 actor :  ['policy']
	 critic :  ['policy']
--------------------------------------------------------------------------------
Actor Model: MLPModel(
  (obs_normalizer): Identity()
  (distribution): GaussianDistribution()
  (mlp): MLP(
    (0): Linear(in_features=48, out_features=128, bias=True)
    (1): ELU(alpha=1.0)
    (2): Linear(in_features=128, out_features=128, bias=True)
    (3): ELU(alpha=1.0)
    (4): Linear(in_features=128, out_features=128, bias=True)
    (5): ELU(alpha=1.0)
    (6): Linear(in_features=128, out_features=12, bias=True)
  )
)
Critic Model: MLPModel(
  (obs_normalizer): Identity()
  (mlp): MLP(
    (0): Linear(in_features=48, out_features=128, bias=True)
    (1): ELU(alpha=1.0)
    (2): Linear(in_features=128, out_features=128, bias=True)
    (3): ELU(alpha=1.0)
    (4): Linear(in_features=128, out_features=128, bias=True)
    (5): ELU(alpha=1.0)
    (6): Linear(in_features=128, out_features=1, bias=True)
  )
)
[     no_sensor_noise |           mass/hard    ] return=   38.89  fall_rate=0.00  stuck=0
--------------------------------------------------------------------------------
Resolved observation sets: 
	 actor :  ['policy']
	 critic :  ['policy']
--------------------------------------------------------------------------------
Actor Model: MLPModel(
  (obs_normalizer): Identity()
  (distribution): GaussianDistribution()
  (mlp): MLP(
    (0): Linear(in_features=48, out_features=128, bias=True)
    (1): ELU(alpha=1.0)
    (2): Linear(in_features=128, out_features=128, bias=True)
    (3): ELU(alpha=1.0)
    (4): Linear(in_features=128, out_features=128, bias=True)
    (5): ELU(alpha=1.0)
    (6): Linear(in_features=128, out_features=12, bias=True)
  )
)
Critic Model: MLPModel(
  (obs_normalizer): Identity()
  (mlp): MLP(
    (0): Linear(in_features=48, out_features=128, bias=True)
    (1): ELU(alpha=1.0)
    (2): Linear(in_features=128, out_features=128, bias=True)
    (3): ELU(alpha=1.0)
    (4): Linear(in_features=128, out_features=128, bias=True)
    (5): ELU(alpha=1.0)
    (6): Linear(in_features=128, out_features=1, bias=True)
  )
)
[   no_action_latency |           mass/hard    ] return=   39.63  fall_rate=0.00  stuck=0
2026-07-24T13:41:00Z [119,466ms] [Warning] [omni.physx.foundation.plugin] PhysXFoundation: Calling createGpuFoundation without first releasing already acquired instances with releaseGpuFoundation!
2026-07-24T13:41:00Z [119,491ms] [Error] [carb.graphics-vulkan.plugin] VkResult: ERROR_INCOMPATIBLE_DRIVER
2026-07-24T13:41:00Z [119,491ms] [Error] [carb.graphics-vulkan.plugin] vkCreateInstance failed. Vulkan 1.1 is not supported, or your driver requires an update.
2026-07-24T13:41:00Z [119,491ms] [Error] [gpu.foundation.plugin] carb::graphics::createInstance failed.
2026-07-24T13:41:00Z [119,604ms] [Error] [gpu.foundation.plugin] Invalid getDeviceInfo parameters.
2026-07-24T13:41:00Z [119,604ms] [Warning] [omni.physx.foundation.plugin] PhysXFoundation: Couldn't get driver version, failed to getDeviceInfo
2026-07-24T13:41:00Z [119,604ms] [Warning] [omni.physx.foundation.plugin] PhysXFoundation: Unable to get IGpuFoundation, GpuDevices or Graphics!
[INFO][AppLauncher]: Using device: cuda:0
[INFO][AppLauncher]: Loading experience file: /home/ubuntu/IsaacLab/apps/isaaclab.python.headless.kit
Loading user config located at: '/home/ubuntu/miniconda3/envs/env_isaaclab/lib/python3.11/site-packages/isaacsim/kit/data/Kit/Isaac-Sim/5.1/user.config.json'
[Info] [carb] Logging to file: /home/ubuntu/miniconda3/envs/env_isaaclab/lib/python3.11/site-packages/isaacsim/kit/logs/Kit/Isaac-Sim/5.1/kit_20260724_134100.log
2026-07-24T13:41:00Z [98ms] [Warning] [omni.usd_config.extension] Enable omni.materialx.libs extension to use MaterialX
2026-07-24T13:41:00Z [391ms] [Warning] [omni.platforminfo.plugin] failed to open the default display.  Can't verify X Server version.
2026-07-24T13:41:01Z [589ms] [Warning] [carb] Acquiring non optional plugin interface which is not listed as dependency: [omni::physx::IPhysxBenchmarks v1.0] (plugin: <default plugin>), by client: omni.physics.physx.plugin. Add it to CARB_PLUGIN_IMPL_DEPS() macro of a client.
2026-07-24T13:41:01Z [599ms] [Warning] [omni.isaac.dynamic_control] omni.isaac.dynamic_control is deprecated as of Isaac Sim 4.5. No action is needed from end-users.
2026-07-24T13:41:04Z [4,156ms] [Error] [carb.graphics-vulkan.plugin] VkResult: ERROR_INCOMPATIBLE_DRIVER
2026-07-24T13:41:04Z [4,156ms] [Error] [carb.graphics-vulkan.plugin] vkCreateInstance failed. Vulkan 1.1 is not supported, or your driver requires an update.
2026-07-24T13:41:04Z [4,156ms] [Error] [gpu.foundation.plugin] carb::graphics::createInstance failed.
2026-07-24T13:41:04Z [4,247ms] [Error] [gpu.foundation.plugin] Invalid getDeviceInfo parameters.
2026-07-24T13:41:04Z [4,247ms] [Warning] [omni.physx.foundation.plugin] PhysXFoundation: Couldn't get driver version, failed to getDeviceInfo
2026-07-24T13:41:04Z [4,247ms] [Warning] [omni.physx.foundation.plugin] PhysXFoundation: Unable to get IGpuFoundation, GpuDevices or Graphics!
2026-07-24T13:41:06Z [5,640ms] [Warning] [isaaclab.envs.manager_based_env] Seed not set for the environment. The environment creation may not be deterministic.

[36m======================================================================================[0m
[36m[1m[INFO][IsaacLab]: Logging to file: /tmp/isaaclab/logs/isaaclab_2026-07-24_13-41-06.log[0m
[36m======================================================================================[0m

[33m13:41:06 [simulation_context.py] WARNING: The `enable_external_forces_every_iteration` parameter in the PhysxCfg is set to False. If you are experiencing noisy velocities, consider enabling this flag. You may need to slightly increase the number of velocity iterations (setting it to 1 or 2 rather than 0), together with this flag, to improve the accuracy of velocity updates.[0m
[INFO]: Base environment:
	Environment device    : cuda:0
	Environment seed      : None
	Physics step-size     : 0.005
	Rendering step-size   : 0.02
	Environment step-size : 0.02
[33m13:41:06 [terrain_importer.py] WARNING: Visual material specified for ground plane but no diffuse color found. Using default color: (0.0, 0.0, 0.0)[0m
[INFO]: Time taken for scene creation : 0.756626 seconds
[INFO]: Scene manager:  <class InteractiveScene>
	Number of environments: 30
	Environment spacing   : 2.5
	Source prim name      : /World/envs/env_0
	Global prim paths     : ['/World/ground']
	Replicate physics     : True
[INFO]: Starting the simulation. This may take a few seconds. Please wait...
[INFO]: Time taken for simulation start : 0.598251 seconds
2026-07-24T13:41:07Z [7,137ms] [Warning] [rtx.neuraylib.plugin] [LINK:PLUGIN]   0.0   LINK   plug warn : Loading /home/ubuntu/miniconda3/envs/env_isaaclab/lib/python3.11/site-packages/isaacsim/extscache/omni.iray.libs-0.0.0+69cbf6ad.lx64.r/bin/iray/nvcuvid_video_decoder.so: libnvcuvid.so.1: cannot open shared object file: No such file or directory
2026-07-24T13:41:07Z [7,137ms] [Warning] [rtx.neuraylib.plugin] [LINK:PLUGIN]   0.0   LINK   plug warn : Loading .\nt-x86-64\lib\nvcuvid_video_decoder.so: .\nt-x86-64\lib\nvcuvid_video_decoder.so: cannot open shared object file: No such file or directory
2026-07-24T13:41:07Z [7,137ms] [Warning] [rtx.neuraylib.plugin] Failed to load nvcuvid h264 decoder plugin. Iray Bridge h264 support will not be available.
[INFO] Command Manager:  <CommandManager> contains 1 active terms.
+------------------------------------------------+
|              Active Command Terms              |
+-------+---------------+------------------------+
| Index | Name          |          Type          |
+-------+---------------+------------------------+
|   0   | base_velocity | UniformVelocityCommand |
+-------+---------------+------------------------+

[INFO] Event Manager:  <EventManager> contains 2 active terms.
+--------------------------------------+
| Active Event Terms in Mode: 'startup' |
+----------+---------------------------+
|  Index   | Name                      |
+----------+---------------------------+
|    0     | physics_material          |
|    1     | actuator_gains            |
+----------+---------------------------+
+-------------------------------------+
| Active Event Terms in Mode: 'reset' |
+---------+---------------------------+
|  Index  | Name                      |
+---------+---------------------------+
|    0    | reset_base                |
|    1    | reset_robot_joints        |
+---------+---------------------------+

[INFO] Recorder Manager:  <RecorderManager> contains 0 active terms.
+---------------------+
| Active Recorder Terms |
+-----------+---------+
|   Index   | Name    |
+-----------+---------+
+-----------+---------+

[INFO] Action Manager:  <ActionManager> contains 1 active terms.
+------------------------------------+
|  Active Action Terms (shape: 12)   |
+--------+-------------+-------------+
| Index  | Name        |   Dimension |
+--------+-------------+-------------+
|   0    | joint_pos   |          12 |
+--------+-------------+-------------+

[INFO] Observation Manager: <ObservationManager> contains 1 groups.
+---------------------------------------------------------+
| Active Observation Terms in Group: 'policy' (shape: (48,)) |
+-----------+---------------------------------+-----------+
|   Index   | Name                            |   Shape   |
+-----------+---------------------------------+-----------+
|     0     | base_lin_vel                    |    (3,)   |
|     1     | base_ang_vel                    |    (3,)   |
|     2     | projected_gravity               |    (3,)   |
|     3     | velocity_commands               |    (3,)   |
|     4     | joint_pos                       |   (12,)   |
|     5     | joint_vel                       |   (12,)   |
|     6     | actions                         |   (12,)   |
+-----------+---------------------------------+-----------+

[INFO] Termination Manager:  <TerminationManager> contains 2 active terms.
+---------------------------------+
|     Active Termination Terms    |
+-------+--------------+----------+
| Index | Name         | Time Out |
+-------+--------------+----------+
|   0   | time_out     |   True   |
|   1   | base_contact |  False   |
+-------+--------------+----------+

[INFO] Reward Manager:  <RewardManager> contains 10 active terms.
+-----------------------------------------+
|           Active Reward Terms           |
+-------+----------------------+----------+
| Index | Name                 |   Weight |
+-------+----------------------+----------+
|   0   | track_lin_vel_xy_exp |      1.5 |
|   1   | track_ang_vel_z_exp  |     0.75 |
|   2   | lin_vel_z_l2         |     -2.0 |
|   3   | ang_vel_xy_l2        |    -0.05 |
|   4   | dof_torques_l2       |  -0.0002 |
|   5   | dof_acc_l2           | -2.5e-07 |
|   6   | action_rate_l2       |    -0.01 |
|   7   | feet_air_time        |     0.25 |
|   8   | flat_orientation_l2  |     -2.5 |
|   9   | dof_pos_limits       |      0.0 |
+-------+----------------------+----------+

[INFO] Curriculum Manager:  <CurriculumManager> contains 0 active terms.
+----------------------+
| Active Curriculum Terms |
+-----------+----------+
|   Index   | Name     |
+-----------+----------+
+-----------+----------+

[INFO]: Completed setting up the environment...
2026-07-24T13:41:08Z [7,582ms] [Warning] [omni.physx.fabric.plugin] FabricManager::initializePointInstancer mismatched prototypes on point instancer: /Visuals/Command/velocity_goal.
2026-07-24T13:41:08Z [7,582ms] [Warning] [omni.physx.fabric.plugin] FabricManager::initializePointInstancer mismatched prototypes on point instancer: /Visuals/Command/velocity_current.
/home/ubuntu/miniconda3/envs/env_isaaclab/lib/python3.11/site-packages/rsl_rl/utils/utils.py:220: UserWarning: The observation configuration dictionary 'obs_groups' is empty and thus likely not configured. Consider configuring the 'obs_groups' dictionary explicitly
  warnings.warn(
/home/ubuntu/miniconda3/envs/env_isaaclab/lib/python3.11/site-packages/rsl_rl/utils/utils.py:251: UserWarning: The observation configuration dictionary 'obs_groups' does not contain the 'actor' key. As an observation group with the name 'policy' was found, this is assumed to be the appropriate observation. Consider adding the 'actor' key to the 'obs_groups' dictionary for clarity. This behavior will be removed in a future version.
  warnings.warn(
/home/ubuntu/miniconda3/envs/env_isaaclab/lib/python3.11/site-packages/rsl_rl/utils/utils.py:251: UserWarning: The observation configuration dictionary 'obs_groups' does not contain the 'critic' key. As an observation group with the name 'policy' was found, this is assumed to be the appropriate observation. Consider adding the 'critic' key to the 'obs_groups' dictionary for clarity. This behavior will be removed in a future version.
  warnings.warn(
--------------------------------------------------------------------------------
Resolved observation sets: 
	 actor :  ['policy']
	 critic :  ['policy']
--------------------------------------------------------------------------------
Actor Model: MLPModel(
  (obs_normalizer): Identity()
  (distribution): GaussianDistribution()
  (mlp): MLP(
    (0): Linear(in_features=48, out_features=128, bias=True)
    (1): ELU(alpha=1.0)
    (2): Linear(in_features=128, out_features=128, bias=True)
    (3): ELU(alpha=1.0)
    (4): Linear(in_features=128, out_features=128, bias=True)
    (5): ELU(alpha=1.0)
    (6): Linear(in_features=128, out_features=12, bias=True)
  )
)
Critic Model: MLPModel(
  (obs_normalizer): Identity()
  (mlp): MLP(
    (0): Linear(in_features=48, out_features=128, bias=True)
    (1): ELU(alpha=1.0)
    (2): Linear(in_features=128, out_features=128, bias=True)
    (3): ELU(alpha=1.0)
    (4): Linear(in_features=128, out_features=128, bias=True)
    (5): ELU(alpha=1.0)
    (6): Linear(in_features=128, out_features=1, bias=True)
  )
)
[    baseline_full_dr | motor_strength/moderate] return=   40.41  fall_rate=0.00  stuck=0
--------------------------------------------------------------------------------
Resolved observation sets: 
	 actor :  ['policy']
	 critic :  ['policy']
--------------------------------------------------------------------------------
Actor Model: MLPModel(
  (obs_normalizer): Identity()
  (distribution): GaussianDistribution()
  (mlp): MLP(
    (0): Linear(in_features=48, out_features=128, bias=True)
    (1): ELU(alpha=1.0)
    (2): Linear(in_features=128, out_features=128, bias=True)
    (3): ELU(alpha=1.0)
    (4): Linear(in_features=128, out_features=128, bias=True)
    (5): ELU(alpha=1.0)
    (6): Linear(in_features=128, out_features=12, bias=True)
  )
)
Critic Model: MLPModel(
  (obs_normalizer): Identity()
  (mlp): MLP(
    (0): Linear(in_features=48, out_features=128, bias=True)
    (1): ELU(alpha=1.0)
    (2): Linear(in_features=128, out_features=128, bias=True)
    (3): ELU(alpha=1.0)
    (4): Linear(in_features=128, out_features=128, bias=True)
    (5): ELU(alpha=1.0)
    (6): Linear(in_features=128, out_features=1, bias=True)
  )
)
[         no_friction | motor_strength/moderate] return=   40.38  fall_rate=0.00  stuck=0
--------------------------------------------------------------------------------
Resolved observation sets: 
	 actor :  ['policy']
	 critic :  ['policy']
--------------------------------------------------------------------------------
Actor Model: MLPModel(
  (obs_normalizer): Identity()
  (distribution): GaussianDistribution()
  (mlp): MLP(
    (0): Linear(in_features=48, out_features=128, bias=True)
    (1): ELU(alpha=1.0)
    (2): Linear(in_features=128, out_features=128, bias=True)
    (3): ELU(alpha=1.0)
    (4): Linear(in_features=128, out_features=128, bias=True)
    (5): ELU(alpha=1.0)
    (6): Linear(in_features=128, out_features=12, bias=True)
  )
)
Critic Model: MLPModel(
  (obs_normalizer): Identity()
  (mlp): MLP(
    (0): Linear(in_features=48, out_features=128, bias=True)
    (1): ELU(alpha=1.0)
    (2): Linear(in_features=128, out_features=128, bias=True)
    (3): ELU(alpha=1.0)
    (4): Linear(in_features=128, out_features=128, bias=True)
    (5): ELU(alpha=1.0)
    (6): Linear(in_features=128, out_features=1, bias=True)
  )
)
[             no_mass | motor_strength/moderate] return=   40.25  fall_rate=0.00  stuck=0
--------------------------------------------------------------------------------
Resolved observation sets: 
	 actor :  ['policy']
	 critic :  ['policy']
--------------------------------------------------------------------------------
Actor Model: MLPModel(
  (obs_normalizer): Identity()
  (distribution): GaussianDistribution()
  (mlp): MLP(
    (0): Linear(in_features=48, out_features=128, bias=True)
    (1): ELU(alpha=1.0)
    (2): Linear(in_features=128, out_features=128, bias=True)
    (3): ELU(alpha=1.0)
    (4): Linear(in_features=128, out_features=128, bias=True)
    (5): ELU(alpha=1.0)
    (6): Linear(in_features=128, out_features=12, bias=True)
  )
)
Critic Model: MLPModel(
  (obs_normalizer): Identity()
  (mlp): MLP(
    (0): Linear(in_features=48, out_features=128, bias=True)
    (1): ELU(alpha=1.0)
    (2): Linear(in_features=128, out_features=128, bias=True)
    (3): ELU(alpha=1.0)
    (4): Linear(in_features=128, out_features=128, bias=True)
    (5): ELU(alpha=1.0)
    (6): Linear(in_features=128, out_features=1, bias=True)
  )
)
[   no_motor_strength | motor_strength/moderate] return=   40.47  fall_rate=0.00  stuck=0
--------------------------------------------------------------------------------
Resolved observation sets: 
	 actor :  ['policy']
	 critic :  ['policy']
--------------------------------------------------------------------------------
Actor Model: MLPModel(
  (obs_normalizer): Identity()
  (distribution): GaussianDistribution()
  (mlp): MLP(
    (0): Linear(in_features=48, out_features=128, bias=True)
    (1): ELU(alpha=1.0)
    (2): Linear(in_features=128, out_features=128, bias=True)
    (3): ELU(alpha=1.0)
    (4): Linear(in_features=128, out_features=128, bias=True)
    (5): ELU(alpha=1.0)
    (6): Linear(in_features=128, out_features=12, bias=True)
  )
)
Critic Model: MLPModel(
  (obs_normalizer): Identity()
  (mlp): MLP(
    (0): Linear(in_features=48, out_features=128, bias=True)
    (1): ELU(alpha=1.0)
    (2): Linear(in_features=128, out_features=128, bias=True)
    (3): ELU(alpha=1.0)
    (4): Linear(in_features=128, out_features=128, bias=True)
    (5): ELU(alpha=1.0)
    (6): Linear(in_features=128, out_features=1, bias=True)
  )
)
[     no_sensor_noise | motor_strength/moderate] return=   40.22  fall_rate=0.00  stuck=0
--------------------------------------------------------------------------------
Resolved observation sets: 
	 actor :  ['policy']
	 critic :  ['policy']
--------------------------------------------------------------------------------
Actor Model: MLPModel(
  (obs_normalizer): Identity()
  (distribution): GaussianDistribution()
  (mlp): MLP(
    (0): Linear(in_features=48, out_features=128, bias=True)
    (1): ELU(alpha=1.0)
    (2): Linear(in_features=128, out_features=128, bias=True)
    (3): ELU(alpha=1.0)
    (4): Linear(in_features=128, out_features=128, bias=True)
    (5): ELU(alpha=1.0)
    (6): Linear(in_features=128, out_features=12, bias=True)
  )
)
Critic Model: MLPModel(
  (obs_normalizer): Identity()
  (mlp): MLP(
    (0): Linear(in_features=48, out_features=128, bias=True)
    (1): ELU(alpha=1.0)
    (2): Linear(in_features=128, out_features=128, bias=True)
    (3): ELU(alpha=1.0)
    (4): Linear(in_features=128, out_features=128, bias=True)
    (5): ELU(alpha=1.0)
    (6): Linear(in_features=128, out_features=1, bias=True)
  )
)
[   no_action_latency | motor_strength/moderate] return=   40.81  fall_rate=0.00  stuck=0
2026-07-24T13:43:01Z [120,842ms] [Warning] [omni.physx.foundation.plugin] PhysXFoundation: Calling createGpuFoundation without first releasing already acquired instances with releaseGpuFoundation!
2026-07-24T13:43:01Z [120,868ms] [Error] [carb.graphics-vulkan.plugin] VkResult: ERROR_INCOMPATIBLE_DRIVER
2026-07-24T13:43:01Z [120,868ms] [Error] [carb.graphics-vulkan.plugin] vkCreateInstance failed. Vulkan 1.1 is not supported, or your driver requires an update.
2026-07-24T13:43:01Z [120,868ms] [Error] [gpu.foundation.plugin] carb::graphics::createInstance failed.
2026-07-24T13:43:01Z [120,979ms] [Error] [gpu.foundation.plugin] Invalid getDeviceInfo parameters.
2026-07-24T13:43:01Z [120,979ms] [Warning] [omni.physx.foundation.plugin] PhysXFoundation: Couldn't get driver version, failed to getDeviceInfo
2026-07-24T13:43:01Z [120,979ms] [Warning] [omni.physx.foundation.plugin] PhysXFoundation: Unable to get IGpuFoundation, GpuDevices or Graphics!
[INFO][AppLauncher]: Using device: cuda:0
[INFO][AppLauncher]: Loading experience file: /home/ubuntu/IsaacLab/apps/isaaclab.python.headless.kit
Loading user config located at: '/home/ubuntu/miniconda3/envs/env_isaaclab/lib/python3.11/site-packages/isaacsim/kit/data/Kit/Isaac-Sim/5.1/user.config.json'
[Info] [carb] Logging to file: /home/ubuntu/miniconda3/envs/env_isaaclab/lib/python3.11/site-packages/isaacsim/kit/logs/Kit/Isaac-Sim/5.1/kit_20260724_134301.log
2026-07-24T13:43:01Z [97ms] [Warning] [omni.usd_config.extension] Enable omni.materialx.libs extension to use MaterialX
2026-07-24T13:43:02Z [386ms] [Warning] [omni.platforminfo.plugin] failed to open the default display.  Can't verify X Server version.
2026-07-24T13:43:02Z [580ms] [Warning] [carb] Acquiring non optional plugin interface which is not listed as dependency: [omni::physx::IPhysxBenchmarks v1.0] (plugin: <default plugin>), by client: omni.physics.physx.plugin. Add it to CARB_PLUGIN_IMPL_DEPS() macro of a client.
2026-07-24T13:43:02Z [589ms] [Warning] [omni.isaac.dynamic_control] omni.isaac.dynamic_control is deprecated as of Isaac Sim 4.5. No action is needed from end-users.
2026-07-24T13:43:05Z [4,115ms] [Error] [carb.graphics-vulkan.plugin] VkResult: ERROR_INCOMPATIBLE_DRIVER
2026-07-24T13:43:05Z [4,115ms] [Error] [carb.graphics-vulkan.plugin] vkCreateInstance failed. Vulkan 1.1 is not supported, or your driver requires an update.
2026-07-24T13:43:05Z [4,115ms] [Error] [gpu.foundation.plugin] carb::graphics::createInstance failed.
2026-07-24T13:43:06Z [4,204ms] [Error] [gpu.foundation.plugin] Invalid getDeviceInfo parameters.
2026-07-24T13:43:06Z [4,204ms] [Warning] [omni.physx.foundation.plugin] PhysXFoundation: Couldn't get driver version, failed to getDeviceInfo
2026-07-24T13:43:06Z [4,204ms] [Warning] [omni.physx.foundation.plugin] PhysXFoundation: Unable to get IGpuFoundation, GpuDevices or Graphics!
2026-07-24T13:43:07Z [5,623ms] [Warning] [isaaclab.envs.manager_based_env] Seed not set for the environment. The environment creation may not be deterministic.

[36m======================================================================================[0m
[36m[1m[INFO][IsaacLab]: Logging to file: /tmp/isaaclab/logs/isaaclab_2026-07-24_13-43-07.log[0m
[36m======================================================================================[0m

[33m13:43:07 [simulation_context.py] WARNING: The `enable_external_forces_every_iteration` parameter in the PhysxCfg is set to False. If you are experiencing noisy velocities, consider enabling this flag. You may need to slightly increase the number of velocity iterations (setting it to 1 or 2 rather than 0), together with this flag, to improve the accuracy of velocity updates.[0m
[INFO]: Base environment:
	Environment device    : cuda:0
	Environment seed      : None
	Physics step-size     : 0.005
	Rendering step-size   : 0.02
	Environment step-size : 0.02
[33m13:43:08 [terrain_importer.py] WARNING: Visual material specified for ground plane but no diffuse color found. Using default color: (0.0, 0.0, 0.0)[0m
[INFO]: Time taken for scene creation : 0.711042 seconds
[INFO]: Scene manager:  <class InteractiveScene>
	Number of environments: 30
	Environment spacing   : 2.5
	Source prim name      : /World/envs/env_0
	Global prim paths     : ['/World/ground']
	Replicate physics     : True
[INFO]: Starting the simulation. This may take a few seconds. Please wait...
[INFO]: Time taken for simulation start : 0.618096 seconds
2026-07-24T13:43:08Z [7,093ms] [Warning] [rtx.neuraylib.plugin] [LINK:PLUGIN]   0.0   LINK   plug warn : Loading /home/ubuntu/miniconda3/envs/env_isaaclab/lib/python3.11/site-packages/isaacsim/extscache/omni.iray.libs-0.0.0+69cbf6ad.lx64.r/bin/iray/nvcuvid_video_decoder.so: libnvcuvid.so.1: cannot open shared object file: No such file or directory
2026-07-24T13:43:08Z [7,093ms] [Warning] [rtx.neuraylib.plugin] [LINK:PLUGIN]   0.0   LINK   plug warn : Loading .\nt-x86-64\lib\nvcuvid_video_decoder.so: .\nt-x86-64\lib\nvcuvid_video_decoder.so: cannot open shared object file: No such file or directory
2026-07-24T13:43:08Z [7,093ms] [Warning] [rtx.neuraylib.plugin] Failed to load nvcuvid h264 decoder plugin. Iray Bridge h264 support will not be available.
[INFO] Command Manager:  <CommandManager> contains 1 active terms.
+------------------------------------------------+
|              Active Command Terms              |
+-------+---------------+------------------------+
| Index | Name          |          Type          |
+-------+---------------+------------------------+
|   0   | base_velocity | UniformVelocityCommand |
+-------+---------------+------------------------+

[INFO] Event Manager:  <EventManager> contains 2 active terms.
+--------------------------------------+
| Active Event Terms in Mode: 'startup' |
+----------+---------------------------+
|  Index   | Name                      |
+----------+---------------------------+
|    0     | physics_material          |
|    1     | actuator_gains            |
+----------+---------------------------+
+-------------------------------------+
| Active Event Terms in Mode: 'reset' |
+---------+---------------------------+
|  Index  | Name                      |
+---------+---------------------------+
|    0    | reset_base                |
|    1    | reset_robot_joints        |
+---------+---------------------------+

[INFO] Recorder Manager:  <RecorderManager> contains 0 active terms.
+---------------------+
| Active Recorder Terms |
+-----------+---------+
|   Index   | Name    |
+-----------+---------+
+-----------+---------+

[INFO] Action Manager:  <ActionManager> contains 1 active terms.
+------------------------------------+
|  Active Action Terms (shape: 12)   |
+--------+-------------+-------------+
| Index  | Name        |   Dimension |
+--------+-------------+-------------+
|   0    | joint_pos   |          12 |
+--------+-------------+-------------+

[INFO] Observation Manager: <ObservationManager> contains 1 groups.
+---------------------------------------------------------+
| Active Observation Terms in Group: 'policy' (shape: (48,)) |
+-----------+---------------------------------+-----------+
|   Index   | Name                            |   Shape   |
+-----------+---------------------------------+-----------+
|     0     | base_lin_vel                    |    (3,)   |
|     1     | base_ang_vel                    |    (3,)   |
|     2     | projected_gravity               |    (3,)   |
|     3     | velocity_commands               |    (3,)   |
|     4     | joint_pos                       |   (12,)   |
|     5     | joint_vel                       |   (12,)   |
|     6     | actions                         |   (12,)   |
+-----------+---------------------------------+-----------+

[INFO] Termination Manager:  <TerminationManager> contains 2 active terms.
+---------------------------------+
|     Active Termination Terms    |
+-------+--------------+----------+
| Index | Name         | Time Out |
+-------+--------------+----------+
|   0   | time_out     |   True   |
|   1   | base_contact |  False   |
+-------+--------------+----------+

[INFO] Reward Manager:  <RewardManager> contains 10 active terms.
+-----------------------------------------+
|           Active Reward Terms           |
+-------+----------------------+----------+
| Index | Name                 |   Weight |
+-------+----------------------+----------+
|   0   | track_lin_vel_xy_exp |      1.5 |
|   1   | track_ang_vel_z_exp  |     0.75 |
|   2   | lin_vel_z_l2         |     -2.0 |
|   3   | ang_vel_xy_l2        |    -0.05 |
|   4   | dof_torques_l2       |  -0.0002 |
|   5   | dof_acc_l2           | -2.5e-07 |
|   6   | action_rate_l2       |    -0.01 |
|   7   | feet_air_time        |     0.25 |
|   8   | flat_orientation_l2  |     -2.5 |
|   9   | dof_pos_limits       |      0.0 |
+-------+----------------------+----------+

[INFO] Curriculum Manager:  <CurriculumManager> contains 0 active terms.
+----------------------+
| Active Curriculum Terms |
+-----------+----------+
|   Index   | Name     |
+-----------+----------+
+-----------+----------+

[INFO]: Completed setting up the environment...
2026-07-24T13:43:09Z [7,504ms] [Warning] [omni.physx.fabric.plugin] FabricManager::initializePointInstancer mismatched prototypes on point instancer: /Visuals/Command/velocity_current.
2026-07-24T13:43:09Z [7,504ms] [Warning] [omni.physx.fabric.plugin] FabricManager::initializePointInstancer mismatched prototypes on point instancer: /Visuals/Command/velocity_goal.
/home/ubuntu/miniconda3/envs/env_isaaclab/lib/python3.11/site-packages/rsl_rl/utils/utils.py:220: UserWarning: The observation configuration dictionary 'obs_groups' is empty and thus likely not configured. Consider configuring the 'obs_groups' dictionary explicitly
  warnings.warn(
/home/ubuntu/miniconda3/envs/env_isaaclab/lib/python3.11/site-packages/rsl_rl/utils/utils.py:251: UserWarning: The observation configuration dictionary 'obs_groups' does not contain the 'actor' key. As an observation group with the name 'policy' was found, this is assumed to be the appropriate observation. Consider adding the 'actor' key to the 'obs_groups' dictionary for clarity. This behavior will be removed in a future version.
  warnings.warn(
/home/ubuntu/miniconda3/envs/env_isaaclab/lib/python3.11/site-packages/rsl_rl/utils/utils.py:251: UserWarning: The observation configuration dictionary 'obs_groups' does not contain the 'critic' key. As an observation group with the name 'policy' was found, this is assumed to be the appropriate observation. Consider adding the 'critic' key to the 'obs_groups' dictionary for clarity. This behavior will be removed in a future version.
  warnings.warn(
--------------------------------------------------------------------------------
Resolved observation sets: 
	 actor :  ['policy']
	 critic :  ['policy']
--------------------------------------------------------------------------------
Actor Model: MLPModel(
  (obs_normalizer): Identity()
  (distribution): GaussianDistribution()
  (mlp): MLP(
    (0): Linear(in_features=48, out_features=128, bias=True)
    (1): ELU(alpha=1.0)
    (2): Linear(in_features=128, out_features=128, bias=True)
    (3): ELU(alpha=1.0)
    (4): Linear(in_features=128, out_features=128, bias=True)
    (5): ELU(alpha=1.0)
    (6): Linear(in_features=128, out_features=12, bias=True)
  )
)
Critic Model: MLPModel(
  (obs_normalizer): Identity()
  (mlp): MLP(
    (0): Linear(in_features=48, out_features=128, bias=True)
    (1): ELU(alpha=1.0)
    (2): Linear(in_features=128, out_features=128, bias=True)
    (3): ELU(alpha=1.0)
    (4): Linear(in_features=128, out_features=128, bias=True)
    (5): ELU(alpha=1.0)
    (6): Linear(in_features=128, out_features=1, bias=True)
  )
)
[    baseline_full_dr | motor_strength/hard    ] return=   14.46  fall_rate=0.37  stuck=0
--------------------------------------------------------------------------------
Resolved observation sets: 
	 actor :  ['policy']
	 critic :  ['policy']
--------------------------------------------------------------------------------
Actor Model: MLPModel(
  (obs_normalizer): Identity()
  (distribution): GaussianDistribution()
  (mlp): MLP(
    (0): Linear(in_features=48, out_features=128, bias=True)
    (1): ELU(alpha=1.0)
    (2): Linear(in_features=128, out_features=128, bias=True)
    (3): ELU(alpha=1.0)
    (4): Linear(in_features=128, out_features=128, bias=True)
    (5): ELU(alpha=1.0)
    (6): Linear(in_features=128, out_features=12, bias=True)
  )
)
Critic Model: MLPModel(
  (obs_normalizer): Identity()
  (mlp): MLP(
    (0): Linear(in_features=48, out_features=128, bias=True)
    (1): ELU(alpha=1.0)
    (2): Linear(in_features=128, out_features=128, bias=True)
    (3): ELU(alpha=1.0)
    (4): Linear(in_features=128, out_features=128, bias=True)
    (5): ELU(alpha=1.0)
    (6): Linear(in_features=128, out_features=1, bias=True)
  )
)
[         no_friction | motor_strength/hard    ] return=    1.75  fall_rate=1.00  stuck=0
--------------------------------------------------------------------------------
Resolved observation sets: 
	 actor :  ['policy']
	 critic :  ['policy']
--------------------------------------------------------------------------------
Actor Model: MLPModel(
  (obs_normalizer): Identity()
  (distribution): GaussianDistribution()
  (mlp): MLP(
    (0): Linear(in_features=48, out_features=128, bias=True)
    (1): ELU(alpha=1.0)
    (2): Linear(in_features=128, out_features=128, bias=True)
    (3): ELU(alpha=1.0)
    (4): Linear(in_features=128, out_features=128, bias=True)
    (5): ELU(alpha=1.0)
    (6): Linear(in_features=128, out_features=12, bias=True)
  )
)
Critic Model: MLPModel(
  (obs_normalizer): Identity()
  (mlp): MLP(
    (0): Linear(in_features=48, out_features=128, bias=True)
    (1): ELU(alpha=1.0)
    (2): Linear(in_features=128, out_features=128, bias=True)
    (3): ELU(alpha=1.0)
    (4): Linear(in_features=128, out_features=128, bias=True)
    (5): ELU(alpha=1.0)
    (6): Linear(in_features=128, out_features=1, bias=True)
  )
)
[             no_mass | motor_strength/hard    ] return=    9.86  fall_rate=0.50  stuck=0
--------------------------------------------------------------------------------
Resolved observation sets: 
	 actor :  ['policy']
	 critic :  ['policy']
--------------------------------------------------------------------------------
Actor Model: MLPModel(
  (obs_normalizer): Identity()
  (distribution): GaussianDistribution()
  (mlp): MLP(
    (0): Linear(in_features=48, out_features=128, bias=True)
    (1): ELU(alpha=1.0)
    (2): Linear(in_features=128, out_features=128, bias=True)
    (3): ELU(alpha=1.0)
    (4): Linear(in_features=128, out_features=128, bias=True)
    (5): ELU(alpha=1.0)
    (6): Linear(in_features=128, out_features=12, bias=True)
  )
)
Critic Model: MLPModel(
  (obs_normalizer): Identity()
  (mlp): MLP(
    (0): Linear(in_features=48, out_features=128, bias=True)
    (1): ELU(alpha=1.0)
    (2): Linear(in_features=128, out_features=128, bias=True)
    (3): ELU(alpha=1.0)
    (4): Linear(in_features=128, out_features=128, bias=True)
    (5): ELU(alpha=1.0)
    (6): Linear(in_features=128, out_features=1, bias=True)
  )
)
[   no_motor_strength | motor_strength/hard    ] return=   10.23  fall_rate=0.63  stuck=0
--------------------------------------------------------------------------------
Resolved observation sets: 
	 actor :  ['policy']
	 critic :  ['policy']
--------------------------------------------------------------------------------
Actor Model: MLPModel(
  (obs_normalizer): Identity()
  (distribution): GaussianDistribution()
  (mlp): MLP(
    (0): Linear(in_features=48, out_features=128, bias=True)
    (1): ELU(alpha=1.0)
    (2): Linear(in_features=128, out_features=128, bias=True)
    (3): ELU(alpha=1.0)
    (4): Linear(in_features=128, out_features=128, bias=True)
    (5): ELU(alpha=1.0)
    (6): Linear(in_features=128, out_features=12, bias=True)
  )
)
Critic Model: MLPModel(
  (obs_normalizer): Identity()
  (mlp): MLP(
    (0): Linear(in_features=48, out_features=128, bias=True)
    (1): ELU(alpha=1.0)
    (2): Linear(in_features=128, out_features=128, bias=True)
    (3): ELU(alpha=1.0)
    (4): Linear(in_features=128, out_features=128, bias=True)
    (5): ELU(alpha=1.0)
    (6): Linear(in_features=128, out_features=1, bias=True)
  )
)
[     no_sensor_noise | motor_strength/hard    ] return=   12.57  fall_rate=0.63  stuck=0
--------------------------------------------------------------------------------
Resolved observation sets: 
	 actor :  ['policy']
	 critic :  ['policy']
--------------------------------------------------------------------------------
Actor Model: MLPModel(
  (obs_normalizer): Identity()
  (distribution): GaussianDistribution()
  (mlp): MLP(
    (0): Linear(in_features=48, out_features=128, bias=True)
    (1): ELU(alpha=1.0)
    (2): Linear(in_features=128, out_features=128, bias=True)
    (3): ELU(alpha=1.0)
    (4): Linear(in_features=128, out_features=128, bias=True)
    (5): ELU(alpha=1.0)
    (6): Linear(in_features=128, out_features=12, bias=True)
  )
)
Critic Model: MLPModel(
  (obs_normalizer): Identity()
  (mlp): MLP(
    (0): Linear(in_features=48, out_features=128, bias=True)
    (1): ELU(alpha=1.0)
    (2): Linear(in_features=128, out_features=128, bias=True)
    (3): ELU(alpha=1.0)
    (4): Linear(in_features=128, out_features=128, bias=True)
    (5): ELU(alpha=1.0)
    (6): Linear(in_features=128, out_features=1, bias=True)
  )
)
[   no_action_latency | motor_strength/hard    ] return=   19.65  fall_rate=0.40  stuck=0
2026-07-24T13:45:03Z [121,273ms] [Warning] [omni.physx.foundation.plugin] PhysXFoundation: Calling createGpuFoundation without first releasing already acquired instances with releaseGpuFoundation!
2026-07-24T13:45:03Z [121,299ms] [Error] [carb.graphics-vulkan.plugin] VkResult: ERROR_INCOMPATIBLE_DRIVER
2026-07-24T13:45:03Z [121,299ms] [Error] [carb.graphics-vulkan.plugin] vkCreateInstance failed. Vulkan 1.1 is not supported, or your driver requires an update.
2026-07-24T13:45:03Z [121,299ms] [Error] [gpu.foundation.plugin] carb::graphics::createInstance failed.
2026-07-24T13:45:03Z [121,411ms] [Error] [gpu.foundation.plugin] Invalid getDeviceInfo parameters.
2026-07-24T13:45:03Z [121,411ms] [Warning] [omni.physx.foundation.plugin] PhysXFoundation: Couldn't get driver version, failed to getDeviceInfo
2026-07-24T13:45:03Z [121,411ms] [Warning] [omni.physx.foundation.plugin] PhysXFoundation: Unable to get IGpuFoundation, GpuDevices or Graphics!
[INFO][AppLauncher]: Using device: cuda:0
[INFO][AppLauncher]: Loading experience file: /home/ubuntu/IsaacLab/apps/isaaclab.python.headless.kit
Loading user config located at: '/home/ubuntu/miniconda3/envs/env_isaaclab/lib/python3.11/site-packages/isaacsim/kit/data/Kit/Isaac-Sim/5.1/user.config.json'
[Info] [carb] Logging to file: /home/ubuntu/miniconda3/envs/env_isaaclab/lib/python3.11/site-packages/isaacsim/kit/logs/Kit/Isaac-Sim/5.1/kit_20260724_134503.log
2026-07-24T13:45:03Z [98ms] [Warning] [omni.usd_config.extension] Enable omni.materialx.libs extension to use MaterialX
2026-07-24T13:45:03Z [390ms] [Warning] [omni.platforminfo.plugin] failed to open the default display.  Can't verify X Server version.
2026-07-24T13:45:04Z [588ms] [Warning] [carb] Acquiring non optional plugin interface which is not listed as dependency: [omni::physx::IPhysxBenchmarks v1.0] (plugin: <default plugin>), by client: omni.physics.physx.plugin. Add it to CARB_PLUGIN_IMPL_DEPS() macro of a client.
2026-07-24T13:45:04Z [598ms] [Warning] [omni.isaac.dynamic_control] omni.isaac.dynamic_control is deprecated as of Isaac Sim 4.5. No action is needed from end-users.
2026-07-24T13:45:07Z [4,148ms] [Error] [carb.graphics-vulkan.plugin] VkResult: ERROR_INCOMPATIBLE_DRIVER
2026-07-24T13:45:07Z [4,148ms] [Error] [carb.graphics-vulkan.plugin] vkCreateInstance failed. Vulkan 1.1 is not supported, or your driver requires an update.
2026-07-24T13:45:07Z [4,148ms] [Error] [gpu.foundation.plugin] carb::graphics::createInstance failed.
2026-07-24T13:45:07Z [4,239ms] [Error] [gpu.foundation.plugin] Invalid getDeviceInfo parameters.
2026-07-24T13:45:07Z [4,239ms] [Warning] [omni.physx.foundation.plugin] PhysXFoundation: Couldn't get driver version, failed to getDeviceInfo
2026-07-24T13:45:07Z [4,239ms] [Warning] [omni.physx.foundation.plugin] PhysXFoundation: Unable to get IGpuFoundation, GpuDevices or Graphics!
2026-07-24T13:45:09Z [5,662ms] [Warning] [isaaclab.envs.manager_based_env] Seed not set for the environment. The environment creation may not be deterministic.

[36m======================================================================================[0m
[36m[1m[INFO][IsaacLab]: Logging to file: /tmp/isaaclab/logs/isaaclab_2026-07-24_13-45-09.log[0m
[36m======================================================================================[0m

[33m13:45:09 [simulation_context.py] WARNING: The `enable_external_forces_every_iteration` parameter in the PhysxCfg is set to False. If you are experiencing noisy velocities, consider enabling this flag. You may need to slightly increase the number of velocity iterations (setting it to 1 or 2 rather than 0), together with this flag, to improve the accuracy of velocity updates.[0m
[INFO]: Base environment:
	Environment device    : cuda:0
	Environment seed      : None
	Physics step-size     : 0.005
	Rendering step-size   : 0.02
	Environment step-size : 0.02
[33m13:45:09 [terrain_importer.py] WARNING: Visual material specified for ground plane but no diffuse color found. Using default color: (0.0, 0.0, 0.0)[0m
[INFO]: Time taken for scene creation : 0.706254 seconds
[INFO]: Scene manager:  <class InteractiveScene>
	Number of environments: 30
	Environment spacing   : 2.5
	Source prim name      : /World/envs/env_0
	Global prim paths     : ['/World/ground']
	Replicate physics     : True
[INFO]: Starting the simulation. This may take a few seconds. Please wait...
[INFO]: Time taken for simulation start : 0.601887 seconds
2026-07-24T13:45:10Z [7,212ms] [Warning] [rtx.neuraylib.plugin] [LINK:PLUGIN]   0.0   LINK   plug warn : Loading /home/ubuntu/miniconda3/envs/env_isaaclab/lib/python3.11/site-packages/isaacsim/extscache/omni.iray.libs-0.0.0+69cbf6ad.lx64.r/bin/iray/nvcuvid_video_decoder.so: libnvcuvid.so.1: cannot open shared object file: No such file or directory
2026-07-24T13:45:10Z [7,212ms] [Warning] [rtx.neuraylib.plugin] [LINK:PLUGIN]   0.0   LINK   plug warn : Loading .\nt-x86-64\lib\nvcuvid_video_decoder.so: .\nt-x86-64\lib\nvcuvid_video_decoder.so: cannot open shared object file: No such file or directory
2026-07-24T13:45:10Z [7,212ms] [Warning] [rtx.neuraylib.plugin] Failed to load nvcuvid h264 decoder plugin. Iray Bridge h264 support will not be available.
[INFO] Command Manager:  <CommandManager> contains 1 active terms.
+------------------------------------------------+
|              Active Command Terms              |
+-------+---------------+------------------------+
| Index | Name          |          Type          |
+-------+---------------+------------------------+
|   0   | base_velocity | UniformVelocityCommand |
+-------+---------------+------------------------+

[INFO] Event Manager:  <EventManager> contains 2 active terms.
+--------------------------------------+
| Active Event Terms in Mode: 'startup' |
+----------+---------------------------+
|  Index   | Name                      |
+----------+---------------------------+
|    0     | physics_material          |
+----------+---------------------------+
+-------------------------------------+
| Active Event Terms in Mode: 'reset' |
+---------+---------------------------+
|  Index  | Name                      |
+---------+---------------------------+
|    0    | reset_base                |
|    1    | reset_robot_joints        |
+---------+---------------------------+

[INFO] Recorder Manager:  <RecorderManager> contains 0 active terms.
+---------------------+
| Active Recorder Terms |
+-----------+---------+
|   Index   | Name    |
+-----------+---------+
+-----------+---------+

[INFO] Action Manager:  <ActionManager> contains 1 active terms.
+------------------------------------+
|  Active Action Terms (shape: 12)   |
+--------+-------------+-------------+
| Index  | Name        |   Dimension |
+--------+-------------+-------------+
|   0    | joint_pos   |          12 |
+--------+-------------+-------------+

[INFO] Observation Manager: <ObservationManager> contains 1 groups.
+---------------------------------------------------------+
| Active Observation Terms in Group: 'policy' (shape: (48,)) |
+-----------+---------------------------------+-----------+
|   Index   | Name                            |   Shape   |
+-----------+---------------------------------+-----------+
|     0     | base_lin_vel                    |    (3,)   |
|     1     | base_ang_vel                    |    (3,)   |
|     2     | projected_gravity               |    (3,)   |
|     3     | velocity_commands               |    (3,)   |
|     4     | joint_pos                       |   (12,)   |
|     5     | joint_vel                       |   (12,)   |
|     6     | actions                         |   (12,)   |
+-----------+---------------------------------+-----------+

[INFO] Termination Manager:  <TerminationManager> contains 2 active terms.
+---------------------------------+
|     Active Termination Terms    |
+-------+--------------+----------+
| Index | Name         | Time Out |
+-------+--------------+----------+
|   0   | time_out     |   True   |
|   1   | base_contact |  False   |
+-------+--------------+----------+

[INFO] Reward Manager:  <RewardManager> contains 10 active terms.
+-----------------------------------------+
|           Active Reward Terms           |
+-------+----------------------+----------+
| Index | Name                 |   Weight |
+-------+----------------------+----------+
|   0   | track_lin_vel_xy_exp |      1.5 |
|   1   | track_ang_vel_z_exp  |     0.75 |
|   2   | lin_vel_z_l2         |     -2.0 |
|   3   | ang_vel_xy_l2        |    -0.05 |
|   4   | dof_torques_l2       |  -0.0002 |
|   5   | dof_acc_l2           | -2.5e-07 |
|   6   | action_rate_l2       |    -0.01 |
|   7   | feet_air_time        |     0.25 |
|   8   | flat_orientation_l2  |     -2.5 |
|   9   | dof_pos_limits       |      0.0 |
+-------+----------------------+----------+

[INFO] Curriculum Manager:  <CurriculumManager> contains 0 active terms.
+----------------------+
| Active Curriculum Terms |
+-----------+----------+
|   Index   | Name     |
+-----------+----------+
+-----------+----------+

[INFO]: Completed setting up the environment...
2026-07-24T13:45:11Z [7,621ms] [Warning] [omni.physx.fabric.plugin] FabricManager::initializePointInstancer mismatched prototypes on point instancer: /Visuals/Command/velocity_goal.
2026-07-24T13:45:11Z [7,621ms] [Warning] [omni.physx.fabric.plugin] FabricManager::initializePointInstancer mismatched prototypes on point instancer: /Visuals/Command/velocity_current.
/home/ubuntu/miniconda3/envs/env_isaaclab/lib/python3.11/site-packages/rsl_rl/utils/utils.py:220: UserWarning: The observation configuration dictionary 'obs_groups' is empty and thus likely not configured. Consider configuring the 'obs_groups' dictionary explicitly
  warnings.warn(
/home/ubuntu/miniconda3/envs/env_isaaclab/lib/python3.11/site-packages/rsl_rl/utils/utils.py:251: UserWarning: The observation configuration dictionary 'obs_groups' does not contain the 'actor' key. As an observation group with the name 'policy' was found, this is assumed to be the appropriate observation. Consider adding the 'actor' key to the 'obs_groups' dictionary for clarity. This behavior will be removed in a future version.
  warnings.warn(
/home/ubuntu/miniconda3/envs/env_isaaclab/lib/python3.11/site-packages/rsl_rl/utils/utils.py:251: UserWarning: The observation configuration dictionary 'obs_groups' does not contain the 'critic' key. As an observation group with the name 'policy' was found, this is assumed to be the appropriate observation. Consider adding the 'critic' key to the 'obs_groups' dictionary for clarity. This behavior will be removed in a future version.
  warnings.warn(
--------------------------------------------------------------------------------
Resolved observation sets: 
	 actor :  ['policy']
	 critic :  ['policy']
--------------------------------------------------------------------------------
Actor Model: MLPModel(
  (obs_normalizer): Identity()
  (distribution): GaussianDistribution()
  (mlp): MLP(
    (0): Linear(in_features=48, out_features=128, bias=True)
    (1): ELU(alpha=1.0)
    (2): Linear(in_features=128, out_features=128, bias=True)
    (3): ELU(alpha=1.0)
    (4): Linear(in_features=128, out_features=128, bias=True)
    (5): ELU(alpha=1.0)
    (6): Linear(in_features=128, out_features=12, bias=True)
  )
)
Critic Model: MLPModel(
  (obs_normalizer): Identity()
  (mlp): MLP(
    (0): Linear(in_features=48, out_features=128, bias=True)
    (1): ELU(alpha=1.0)
    (2): Linear(in_features=128, out_features=128, bias=True)
    (3): ELU(alpha=1.0)
    (4): Linear(in_features=128, out_features=128, bias=True)
    (5): ELU(alpha=1.0)
    (6): Linear(in_features=128, out_features=1, bias=True)
  )
)
[    baseline_full_dr |   sensor_noise/moderate] return=   40.24  fall_rate=0.00  stuck=0
--------------------------------------------------------------------------------
Resolved observation sets: 
	 actor :  ['policy']
	 critic :  ['policy']
--------------------------------------------------------------------------------
Actor Model: MLPModel(
  (obs_normalizer): Identity()
  (distribution): GaussianDistribution()
  (mlp): MLP(
    (0): Linear(in_features=48, out_features=128, bias=True)
    (1): ELU(alpha=1.0)
    (2): Linear(in_features=128, out_features=128, bias=True)
    (3): ELU(alpha=1.0)
    (4): Linear(in_features=128, out_features=128, bias=True)
    (5): ELU(alpha=1.0)
    (6): Linear(in_features=128, out_features=12, bias=True)
  )
)
Critic Model: MLPModel(
  (obs_normalizer): Identity()
  (mlp): MLP(
    (0): Linear(in_features=48, out_features=128, bias=True)
    (1): ELU(alpha=1.0)
    (2): Linear(in_features=128, out_features=128, bias=True)
    (3): ELU(alpha=1.0)
    (4): Linear(in_features=128, out_features=128, bias=True)
    (5): ELU(alpha=1.0)
    (6): Linear(in_features=128, out_features=1, bias=True)
  )
)
[         no_friction |   sensor_noise/moderate] return=   39.80  fall_rate=0.00  stuck=0
--------------------------------------------------------------------------------
Resolved observation sets: 
	 actor :  ['policy']
	 critic :  ['policy']
--------------------------------------------------------------------------------
Actor Model: MLPModel(
  (obs_normalizer): Identity()
  (distribution): GaussianDistribution()
  (mlp): MLP(
    (0): Linear(in_features=48, out_features=128, bias=True)
    (1): ELU(alpha=1.0)
    (2): Linear(in_features=128, out_features=128, bias=True)
    (3): ELU(alpha=1.0)
    (4): Linear(in_features=128, out_features=128, bias=True)
    (5): ELU(alpha=1.0)
    (6): Linear(in_features=128, out_features=12, bias=True)
  )
)
Critic Model: MLPModel(
  (obs_normalizer): Identity()
  (mlp): MLP(
    (0): Linear(in_features=48, out_features=128, bias=True)
    (1): ELU(alpha=1.0)
    (2): Linear(in_features=128, out_features=128, bias=True)
    (3): ELU(alpha=1.0)
    (4): Linear(in_features=128, out_features=128, bias=True)
    (5): ELU(alpha=1.0)
    (6): Linear(in_features=128, out_features=1, bias=True)
  )
)
[             no_mass |   sensor_noise/moderate] return=   40.26  fall_rate=0.00  stuck=0
--------------------------------------------------------------------------------
Resolved observation sets: 
	 actor :  ['policy']
	 critic :  ['policy']
--------------------------------------------------------------------------------
Actor Model: MLPModel(
  (obs_normalizer): Identity()
  (distribution): GaussianDistribution()
  (mlp): MLP(
    (0): Linear(in_features=48, out_features=128, bias=True)
    (1): ELU(alpha=1.0)
    (2): Linear(in_features=128, out_features=128, bias=True)
    (3): ELU(alpha=1.0)
    (4): Linear(in_features=128, out_features=128, bias=True)
    (5): ELU(alpha=1.0)
    (6): Linear(in_features=128, out_features=12, bias=True)
  )
)
Critic Model: MLPModel(
  (obs_normalizer): Identity()
  (mlp): MLP(
    (0): Linear(in_features=48, out_features=128, bias=True)
    (1): ELU(alpha=1.0)
    (2): Linear(in_features=128, out_features=128, bias=True)
    (3): ELU(alpha=1.0)
    (4): Linear(in_features=128, out_features=128, bias=True)
    (5): ELU(alpha=1.0)
    (6): Linear(in_features=128, out_features=1, bias=True)
  )
)
[   no_motor_strength |   sensor_noise/moderate] return=   40.13  fall_rate=0.00  stuck=0
--------------------------------------------------------------------------------
Resolved observation sets: 
	 actor :  ['policy']
	 critic :  ['policy']
--------------------------------------------------------------------------------
Actor Model: MLPModel(
  (obs_normalizer): Identity()
  (distribution): GaussianDistribution()
  (mlp): MLP(
    (0): Linear(in_features=48, out_features=128, bias=True)
    (1): ELU(alpha=1.0)
    (2): Linear(in_features=128, out_features=128, bias=True)
    (3): ELU(alpha=1.0)
    (4): Linear(in_features=128, out_features=128, bias=True)
    (5): ELU(alpha=1.0)
    (6): Linear(in_features=128, out_features=12, bias=True)
  )
)
Critic Model: MLPModel(
  (obs_normalizer): Identity()
  (mlp): MLP(
    (0): Linear(in_features=48, out_features=128, bias=True)
    (1): ELU(alpha=1.0)
    (2): Linear(in_features=128, out_features=128, bias=True)
    (3): ELU(alpha=1.0)
    (4): Linear(in_features=128, out_features=128, bias=True)
    (5): ELU(alpha=1.0)
    (6): Linear(in_features=128, out_features=1, bias=True)
  )
)
[     no_sensor_noise |   sensor_noise/moderate] return=   39.11  fall_rate=0.00  stuck=0
--------------------------------------------------------------------------------
Resolved observation sets: 
	 actor :  ['policy']
	 critic :  ['policy']
--------------------------------------------------------------------------------
Actor Model: MLPModel(
  (obs_normalizer): Identity()
  (distribution): GaussianDistribution()
  (mlp): MLP(
    (0): Linear(in_features=48, out_features=128, bias=True)
    (1): ELU(alpha=1.0)
    (2): Linear(in_features=128, out_features=128, bias=True)
    (3): ELU(alpha=1.0)
    (4): Linear(in_features=128, out_features=128, bias=True)
    (5): ELU(alpha=1.0)
    (6): Linear(in_features=128, out_features=12, bias=True)
  )
)
Critic Model: MLPModel(
  (obs_normalizer): Identity()
  (mlp): MLP(
    (0): Linear(in_features=48, out_features=128, bias=True)
    (1): ELU(alpha=1.0)
    (2): Linear(in_features=128, out_features=128, bias=True)
    (3): ELU(alpha=1.0)
    (4): Linear(in_features=128, out_features=128, bias=True)
    (5): ELU(alpha=1.0)
    (6): Linear(in_features=128, out_features=1, bias=True)
  )
)
[   no_action_latency |   sensor_noise/moderate] return=   40.55  fall_rate=0.00  stuck=0
2026-07-24T13:47:04Z [120,849ms] [Warning] [omni.physx.foundation.plugin] PhysXFoundation: Calling createGpuFoundation without first releasing already acquired instances with releaseGpuFoundation!
2026-07-24T13:47:04Z [120,875ms] [Error] [carb.graphics-vulkan.plugin] VkResult: ERROR_INCOMPATIBLE_DRIVER
2026-07-24T13:47:04Z [120,875ms] [Error] [carb.graphics-vulkan.plugin] vkCreateInstance failed. Vulkan 1.1 is not supported, or your driver requires an update.
2026-07-24T13:47:04Z [120,875ms] [Error] [gpu.foundation.plugin] carb::graphics::createInstance failed.
2026-07-24T13:47:04Z [120,987ms] [Error] [gpu.foundation.plugin] Invalid getDeviceInfo parameters.
2026-07-24T13:47:04Z [120,987ms] [Warning] [omni.physx.foundation.plugin] PhysXFoundation: Couldn't get driver version, failed to getDeviceInfo
2026-07-24T13:47:04Z [120,987ms] [Warning] [omni.physx.foundation.plugin] PhysXFoundation: Unable to get IGpuFoundation, GpuDevices or Graphics!
[INFO][AppLauncher]: Using device: cuda:0
[INFO][AppLauncher]: Loading experience file: /home/ubuntu/IsaacLab/apps/isaaclab.python.headless.kit
Loading user config located at: '/home/ubuntu/miniconda3/envs/env_isaaclab/lib/python3.11/site-packages/isaacsim/kit/data/Kit/Isaac-Sim/5.1/user.config.json'
[Info] [carb] Logging to file: /home/ubuntu/miniconda3/envs/env_isaaclab/lib/python3.11/site-packages/isaacsim/kit/logs/Kit/Isaac-Sim/5.1/kit_20260724_134704.log
2026-07-24T13:47:05Z [99ms] [Warning] [omni.usd_config.extension] Enable omni.materialx.libs extension to use MaterialX
2026-07-24T13:47:05Z [389ms] [Warning] [omni.platforminfo.plugin] failed to open the default display.  Can't verify X Server version.
2026-07-24T13:47:05Z [582ms] [Warning] [carb] Acquiring non optional plugin interface which is not listed as dependency: [omni::physx::IPhysxBenchmarks v1.0] (plugin: <default plugin>), by client: omni.physics.physx.plugin. Add it to CARB_PLUGIN_IMPL_DEPS() macro of a client.
2026-07-24T13:47:05Z [592ms] [Warning] [omni.isaac.dynamic_control] omni.isaac.dynamic_control is deprecated as of Isaac Sim 4.5. No action is needed from end-users.
2026-07-24T13:47:09Z [4,288ms] [Error] [carb.graphics-vulkan.plugin] VkResult: ERROR_INCOMPATIBLE_DRIVER
2026-07-24T13:47:09Z [4,288ms] [Error] [carb.graphics-vulkan.plugin] vkCreateInstance failed. Vulkan 1.1 is not supported, or your driver requires an update.
2026-07-24T13:47:09Z [4,288ms] [Error] [gpu.foundation.plugin] carb::graphics::createInstance failed.
2026-07-24T13:47:09Z [4,379ms] [Error] [gpu.foundation.plugin] Invalid getDeviceInfo parameters.
2026-07-24T13:47:09Z [4,379ms] [Warning] [omni.physx.foundation.plugin] PhysXFoundation: Couldn't get driver version, failed to getDeviceInfo
2026-07-24T13:47:09Z [4,379ms] [Warning] [omni.physx.foundation.plugin] PhysXFoundation: Unable to get IGpuFoundation, GpuDevices or Graphics!
2026-07-24T13:47:10Z [5,910ms] [Warning] [isaaclab.envs.manager_based_env] Seed not set for the environment. The environment creation may not be deterministic.

[36m======================================================================================[0m
[36m[1m[INFO][IsaacLab]: Logging to file: /tmp/isaaclab/logs/isaaclab_2026-07-24_13-47-10.log[0m
[36m======================================================================================[0m

[33m13:47:10 [simulation_context.py] WARNING: The `enable_external_forces_every_iteration` parameter in the PhysxCfg is set to False. If you are experiencing noisy velocities, consider enabling this flag. You may need to slightly increase the number of velocity iterations (setting it to 1 or 2 rather than 0), together with this flag, to improve the accuracy of velocity updates.[0m
[INFO]: Base environment:
	Environment device    : cuda:0
	Environment seed      : None
	Physics step-size     : 0.005
	Rendering step-size   : 0.02
	Environment step-size : 0.02
[33m13:47:11 [terrain_importer.py] WARNING: Visual material specified for ground plane but no diffuse color found. Using default color: (0.0, 0.0, 0.0)[0m
[INFO]: Time taken for scene creation : 0.702790 seconds
[INFO]: Scene manager:  <class InteractiveScene>
	Number of environments: 30
	Environment spacing   : 2.5
	Source prim name      : /World/envs/env_0
	Global prim paths     : ['/World/ground']
	Replicate physics     : True
[INFO]: Starting the simulation. This may take a few seconds. Please wait...
[INFO]: Time taken for simulation start : 0.599815 seconds
2026-07-24T13:47:12Z [7,355ms] [Warning] [rtx.neuraylib.plugin] [LINK:PLUGIN]   0.0   LINK   plug warn : Loading /home/ubuntu/miniconda3/envs/env_isaaclab/lib/python3.11/site-packages/isaacsim/extscache/omni.iray.libs-0.0.0+69cbf6ad.lx64.r/bin/iray/nvcuvid_video_decoder.so: libnvcuvid.so.1: cannot open shared object file: No such file or directory
2026-07-24T13:47:12Z [7,355ms] [Warning] [rtx.neuraylib.plugin] [LINK:PLUGIN]   0.0   LINK   plug warn : Loading .\nt-x86-64\lib\nvcuvid_video_decoder.so: .\nt-x86-64\lib\nvcuvid_video_decoder.so: cannot open shared object file: No such file or directory
2026-07-24T13:47:12Z [7,355ms] [Warning] [rtx.neuraylib.plugin] Failed to load nvcuvid h264 decoder plugin. Iray Bridge h264 support will not be available.
[INFO] Command Manager:  <CommandManager> contains 1 active terms.
+------------------------------------------------+
|              Active Command Terms              |
+-------+---------------+------------------------+
| Index | Name          |          Type          |
+-------+---------------+------------------------+
|   0   | base_velocity | UniformVelocityCommand |
+-------+---------------+------------------------+

[INFO] Event Manager:  <EventManager> contains 2 active terms.
+--------------------------------------+
| Active Event Terms in Mode: 'startup' |
+----------+---------------------------+
|  Index   | Name                      |
+----------+---------------------------+
|    0     | physics_material          |
+----------+---------------------------+
+-------------------------------------+
| Active Event Terms in Mode: 'reset' |
+---------+---------------------------+
|  Index  | Name                      |
+---------+---------------------------+
|    0    | reset_base                |
|    1    | reset_robot_joints        |
+---------+---------------------------+

[INFO] Recorder Manager:  <RecorderManager> contains 0 active terms.
+---------------------+
| Active Recorder Terms |
+-----------+---------+
|   Index   | Name    |
+-----------+---------+
+-----------+---------+

[INFO] Action Manager:  <ActionManager> contains 1 active terms.
+------------------------------------+
|  Active Action Terms (shape: 12)   |
+--------+-------------+-------------+
| Index  | Name        |   Dimension |
+--------+-------------+-------------+
|   0    | joint_pos   |          12 |
+--------+-------------+-------------+

[INFO] Observation Manager: <ObservationManager> contains 1 groups.
+---------------------------------------------------------+
| Active Observation Terms in Group: 'policy' (shape: (48,)) |
+-----------+---------------------------------+-----------+
|   Index   | Name                            |   Shape   |
+-----------+---------------------------------+-----------+
|     0     | base_lin_vel                    |    (3,)   |
|     1     | base_ang_vel                    |    (3,)   |
|     2     | projected_gravity               |    (3,)   |
|     3     | velocity_commands               |    (3,)   |
|     4     | joint_pos                       |   (12,)   |
|     5     | joint_vel                       |   (12,)   |
|     6     | actions                         |   (12,)   |
+-----------+---------------------------------+-----------+

[INFO] Termination Manager:  <TerminationManager> contains 2 active terms.
+---------------------------------+
|     Active Termination Terms    |
+-------+--------------+----------+
| Index | Name         | Time Out |
+-------+--------------+----------+
|   0   | time_out     |   True   |
|   1   | base_contact |  False   |
+-------+--------------+----------+

[INFO] Reward Manager:  <RewardManager> contains 10 active terms.
+-----------------------------------------+
|           Active Reward Terms           |
+-------+----------------------+----------+
| Index | Name                 |   Weight |
+-------+----------------------+----------+
|   0   | track_lin_vel_xy_exp |      1.5 |
|   1   | track_ang_vel_z_exp  |     0.75 |
|   2   | lin_vel_z_l2         |     -2.0 |
|   3   | ang_vel_xy_l2        |    -0.05 |
|   4   | dof_torques_l2       |  -0.0002 |
|   5   | dof_acc_l2           | -2.5e-07 |
|   6   | action_rate_l2       |    -0.01 |
|   7   | feet_air_time        |     0.25 |
|   8   | flat_orientation_l2  |     -2.5 |
|   9   | dof_pos_limits       |      0.0 |
+-------+----------------------+----------+

[INFO] Curriculum Manager:  <CurriculumManager> contains 0 active terms.
+----------------------+
| Active Curriculum Terms |
+-----------+----------+
|   Index   | Name     |
+-----------+----------+
+-----------+----------+

[INFO]: Completed setting up the environment...
2026-07-24T13:47:12Z [7,771ms] [Warning] [omni.physx.fabric.plugin] FabricManager::initializePointInstancer mismatched prototypes on point instancer: /Visuals/Command/velocity_goal.
2026-07-24T13:47:12Z [7,771ms] [Warning] [omni.physx.fabric.plugin] FabricManager::initializePointInstancer mismatched prototypes on point instancer: /Visuals/Command/velocity_current.
/home/ubuntu/miniconda3/envs/env_isaaclab/lib/python3.11/site-packages/rsl_rl/utils/utils.py:220: UserWarning: The observation configuration dictionary 'obs_groups' is empty and thus likely not configured. Consider configuring the 'obs_groups' dictionary explicitly
  warnings.warn(
/home/ubuntu/miniconda3/envs/env_isaaclab/lib/python3.11/site-packages/rsl_rl/utils/utils.py:251: UserWarning: The observation configuration dictionary 'obs_groups' does not contain the 'actor' key. As an observation group with the name 'policy' was found, this is assumed to be the appropriate observation. Consider adding the 'actor' key to the 'obs_groups' dictionary for clarity. This behavior will be removed in a future version.
  warnings.warn(
/home/ubuntu/miniconda3/envs/env_isaaclab/lib/python3.11/site-packages/rsl_rl/utils/utils.py:251: UserWarning: The observation configuration dictionary 'obs_groups' does not contain the 'critic' key. As an observation group with the name 'policy' was found, this is assumed to be the appropriate observation. Consider adding the 'critic' key to the 'obs_groups' dictionary for clarity. This behavior will be removed in a future version.
  warnings.warn(
--------------------------------------------------------------------------------
Resolved observation sets: 
	 actor :  ['policy']
	 critic :  ['policy']
--------------------------------------------------------------------------------
Actor Model: MLPModel(
  (obs_normalizer): Identity()
  (distribution): GaussianDistribution()
  (mlp): MLP(
    (0): Linear(in_features=48, out_features=128, bias=True)
    (1): ELU(alpha=1.0)
    (2): Linear(in_features=128, out_features=128, bias=True)
    (3): ELU(alpha=1.0)
    (4): Linear(in_features=128, out_features=128, bias=True)
    (5): ELU(alpha=1.0)
    (6): Linear(in_features=128, out_features=12, bias=True)
  )
)
Critic Model: MLPModel(
  (obs_normalizer): Identity()
  (mlp): MLP(
    (0): Linear(in_features=48, out_features=128, bias=True)
    (1): ELU(alpha=1.0)
    (2): Linear(in_features=128, out_features=128, bias=True)
    (3): ELU(alpha=1.0)
    (4): Linear(in_features=128, out_features=128, bias=True)
    (5): ELU(alpha=1.0)
    (6): Linear(in_features=128, out_features=1, bias=True)
  )
)
[    baseline_full_dr |   sensor_noise/hard    ] return=   39.68  fall_rate=0.00  stuck=0
--------------------------------------------------------------------------------
Resolved observation sets: 
	 actor :  ['policy']
	 critic :  ['policy']
--------------------------------------------------------------------------------
Actor Model: MLPModel(
  (obs_normalizer): Identity()
  (distribution): GaussianDistribution()
  (mlp): MLP(
    (0): Linear(in_features=48, out_features=128, bias=True)
    (1): ELU(alpha=1.0)
    (2): Linear(in_features=128, out_features=128, bias=True)
    (3): ELU(alpha=1.0)
    (4): Linear(in_features=128, out_features=128, bias=True)
    (5): ELU(alpha=1.0)
    (6): Linear(in_features=128, out_features=12, bias=True)
  )
)
Critic Model: MLPModel(
  (obs_normalizer): Identity()
  (mlp): MLP(
    (0): Linear(in_features=48, out_features=128, bias=True)
    (1): ELU(alpha=1.0)
    (2): Linear(in_features=128, out_features=128, bias=True)
    (3): ELU(alpha=1.0)
    (4): Linear(in_features=128, out_features=128, bias=True)
    (5): ELU(alpha=1.0)
    (6): Linear(in_features=128, out_features=1, bias=True)
  )
)
[         no_friction |   sensor_noise/hard    ] return=   39.33  fall_rate=0.00  stuck=0
--------------------------------------------------------------------------------
Resolved observation sets: 
	 actor :  ['policy']
	 critic :  ['policy']
--------------------------------------------------------------------------------
Actor Model: MLPModel(
  (obs_normalizer): Identity()
  (distribution): GaussianDistribution()
  (mlp): MLP(
    (0): Linear(in_features=48, out_features=128, bias=True)
    (1): ELU(alpha=1.0)
    (2): Linear(in_features=128, out_features=128, bias=True)
    (3): ELU(alpha=1.0)
    (4): Linear(in_features=128, out_features=128, bias=True)
    (5): ELU(alpha=1.0)
    (6): Linear(in_features=128, out_features=12, bias=True)
  )
)
Critic Model: MLPModel(
  (obs_normalizer): Identity()
  (mlp): MLP(
    (0): Linear(in_features=48, out_features=128, bias=True)
    (1): ELU(alpha=1.0)
    (2): Linear(in_features=128, out_features=128, bias=True)
    (3): ELU(alpha=1.0)
    (4): Linear(in_features=128, out_features=128, bias=True)
    (5): ELU(alpha=1.0)
    (6): Linear(in_features=128, out_features=1, bias=True)
  )
)
[             no_mass |   sensor_noise/hard    ] return=   39.77  fall_rate=0.00  stuck=0
--------------------------------------------------------------------------------
Resolved observation sets: 
	 actor :  ['policy']
	 critic :  ['policy']
--------------------------------------------------------------------------------
Actor Model: MLPModel(
  (obs_normalizer): Identity()
  (distribution): GaussianDistribution()
  (mlp): MLP(
    (0): Linear(in_features=48, out_features=128, bias=True)
    (1): ELU(alpha=1.0)
    (2): Linear(in_features=128, out_features=128, bias=True)
    (3): ELU(alpha=1.0)
    (4): Linear(in_features=128, out_features=128, bias=True)
    (5): ELU(alpha=1.0)
    (6): Linear(in_features=128, out_features=12, bias=True)
  )
)
Critic Model: MLPModel(
  (obs_normalizer): Identity()
  (mlp): MLP(
    (0): Linear(in_features=48, out_features=128, bias=True)
    (1): ELU(alpha=1.0)
    (2): Linear(in_features=128, out_features=128, bias=True)
    (3): ELU(alpha=1.0)
    (4): Linear(in_features=128, out_features=128, bias=True)
    (5): ELU(alpha=1.0)
    (6): Linear(in_features=128, out_features=1, bias=True)
  )
)
[   no_motor_strength |   sensor_noise/hard    ] return=   39.66  fall_rate=0.00  stuck=0
--------------------------------------------------------------------------------
Resolved observation sets: 
	 actor :  ['policy']
	 critic :  ['policy']
--------------------------------------------------------------------------------
Actor Model: MLPModel(
  (obs_normalizer): Identity()
  (distribution): GaussianDistribution()
  (mlp): MLP(
    (0): Linear(in_features=48, out_features=128, bias=True)
    (1): ELU(alpha=1.0)
    (2): Linear(in_features=128, out_features=128, bias=True)
    (3): ELU(alpha=1.0)
    (4): Linear(in_features=128, out_features=128, bias=True)
    (5): ELU(alpha=1.0)
    (6): Linear(in_features=128, out_features=12, bias=True)
  )
)
Critic Model: MLPModel(
  (obs_normalizer): Identity()
  (mlp): MLP(
    (0): Linear(in_features=48, out_features=128, bias=True)
    (1): ELU(alpha=1.0)
    (2): Linear(in_features=128, out_features=128, bias=True)
    (3): ELU(alpha=1.0)
    (4): Linear(in_features=128, out_features=128, bias=True)
    (5): ELU(alpha=1.0)
    (6): Linear(in_features=128, out_features=1, bias=True)
  )
)
[     no_sensor_noise |   sensor_noise/hard    ] return=   38.11  fall_rate=0.00  stuck=0
--------------------------------------------------------------------------------
Resolved observation sets: 
	 actor :  ['policy']
	 critic :  ['policy']
--------------------------------------------------------------------------------
Actor Model: MLPModel(
  (obs_normalizer): Identity()
  (distribution): GaussianDistribution()
  (mlp): MLP(
    (0): Linear(in_features=48, out_features=128, bias=True)
    (1): ELU(alpha=1.0)
    (2): Linear(in_features=128, out_features=128, bias=True)
    (3): ELU(alpha=1.0)
    (4): Linear(in_features=128, out_features=128, bias=True)
    (5): ELU(alpha=1.0)
    (6): Linear(in_features=128, out_features=12, bias=True)
  )
)
Critic Model: MLPModel(
  (obs_normalizer): Identity()
  (mlp): MLP(
    (0): Linear(in_features=48, out_features=128, bias=True)
    (1): ELU(alpha=1.0)
    (2): Linear(in_features=128, out_features=128, bias=True)
    (3): ELU(alpha=1.0)
    (4): Linear(in_features=128, out_features=128, bias=True)
    (5): ELU(alpha=1.0)
    (6): Linear(in_features=128, out_features=1, bias=True)
  )
)
[   no_action_latency |   sensor_noise/hard    ] return=   39.89  fall_rate=0.00  stuck=0
2026-07-24T13:49:24Z [139,684ms] [Warning] [omni.physx.foundation.plugin] PhysXFoundation: Calling createGpuFoundation without first releasing already acquired instances with releaseGpuFoundation!
2026-07-24T13:49:24Z [139,717ms] [Error] [carb.graphics-vulkan.plugin] VkResult: ERROR_INCOMPATIBLE_DRIVER
2026-07-24T13:49:24Z [139,717ms] [Error] [carb.graphics-vulkan.plugin] vkCreateInstance failed. Vulkan 1.1 is not supported, or your driver requires an update.
2026-07-24T13:49:24Z [139,717ms] [Error] [gpu.foundation.plugin] carb::graphics::createInstance failed.
2026-07-24T13:49:24Z [139,852ms] [Error] [gpu.foundation.plugin] Invalid getDeviceInfo parameters.
2026-07-24T13:49:24Z [139,852ms] [Warning] [omni.physx.foundation.plugin] PhysXFoundation: Couldn't get driver version, failed to getDeviceInfo
2026-07-24T13:49:24Z [139,852ms] [Warning] [omni.physx.foundation.plugin] PhysXFoundation: Unable to get IGpuFoundation, GpuDevices or Graphics!
[INFO][AppLauncher]: Using device: cuda:0
[INFO][AppLauncher]: Loading experience file: /home/ubuntu/IsaacLab/apps/isaaclab.python.headless.kit
Loading user config located at: '/home/ubuntu/miniconda3/envs/env_isaaclab/lib/python3.11/site-packages/isaacsim/kit/data/Kit/Isaac-Sim/5.1/user.config.json'
[Info] [carb] Logging to file: /home/ubuntu/miniconda3/envs/env_isaaclab/lib/python3.11/site-packages/isaacsim/kit/logs/Kit/Isaac-Sim/5.1/kit_20260724_134925.log
2026-07-24T13:49:25Z [140ms] [Warning] [omni.usd_config.extension] Enable omni.materialx.libs extension to use MaterialX
2026-07-24T13:49:25Z [557ms] [Warning] [omni.platforminfo.plugin] failed to open the default display.  Can't verify X Server version.
2026-07-24T13:49:26Z [871ms] [Warning] [carb] Acquiring non optional plugin interface which is not listed as dependency: [omni::physx::IPhysxBenchmarks v1.0] (plugin: <default plugin>), by client: omni.physics.physx.plugin. Add it to CARB_PLUGIN_IMPL_DEPS() macro of a client.
2026-07-24T13:49:26Z [888ms] [Warning] [omni.isaac.dynamic_control] omni.isaac.dynamic_control is deprecated as of Isaac Sim 4.5. No action is needed from end-users.
2026-07-24T13:49:31Z [6,617ms] [Error] [carb.graphics-vulkan.plugin] VkResult: ERROR_INCOMPATIBLE_DRIVER
2026-07-24T13:49:31Z [6,617ms] [Error] [carb.graphics-vulkan.plugin] vkCreateInstance failed. Vulkan 1.1 is not supported, or your driver requires an update.
2026-07-24T13:49:31Z [6,617ms] [Error] [gpu.foundation.plugin] carb::graphics::createInstance failed.
2026-07-24T13:49:31Z [6,721ms] [Error] [gpu.foundation.plugin] Invalid getDeviceInfo parameters.
2026-07-24T13:49:31Z [6,721ms] [Warning] [omni.physx.foundation.plugin] PhysXFoundation: Couldn't get driver version, failed to getDeviceInfo
2026-07-24T13:49:31Z [6,721ms] [Warning] [omni.physx.foundation.plugin] PhysXFoundation: Unable to get IGpuFoundation, GpuDevices or Graphics!
2026-07-24T13:49:34Z [9,021ms] [Warning] [isaaclab.envs.manager_based_env] Seed not set for the environment. The environment creation may not be deterministic.

[36m======================================================================================[0m
[36m[1m[INFO][IsaacLab]: Logging to file: /tmp/isaaclab/logs/isaaclab_2026-07-24_13-49-34.log[0m
[36m======================================================================================[0m

[33m13:49:34 [simulation_context.py] WARNING: The `enable_external_forces_every_iteration` parameter in the PhysxCfg is set to False. If you are experiencing noisy velocities, consider enabling this flag. You may need to slightly increase the number of velocity iterations (setting it to 1 or 2 rather than 0), together with this flag, to improve the accuracy of velocity updates.[0m
[INFO]: Base environment:
	Environment device    : cuda:0
	Environment seed      : None
	Physics step-size     : 0.005
	Rendering step-size   : 0.02
	Environment step-size : 0.02
[33m13:49:34 [terrain_importer.py] WARNING: Visual material specified for ground plane but no diffuse color found. Using default color: (0.0, 0.0, 0.0)[0m
[INFO]: Time taken for scene creation : 0.781800 seconds
[INFO]: Scene manager:  <class InteractiveScene>
	Number of environments: 30
	Environment spacing   : 2.5
	Source prim name      : /World/envs/env_0
	Global prim paths     : ['/World/ground']
	Replicate physics     : True
[INFO]: Starting the simulation. This may take a few seconds. Please wait...
[INFO]: Time taken for simulation start : 0.858633 seconds
2026-07-24T13:49:36Z [10,815ms] [Warning] [rtx.neuraylib.plugin] [LINK:PLUGIN]   0.0   LINK   plug warn : Loading /home/ubuntu/miniconda3/envs/env_isaaclab/lib/python3.11/site-packages/isaacsim/extscache/omni.iray.libs-0.0.0+69cbf6ad.lx64.r/bin/iray/nvcuvid_video_decoder.so: libnvcuvid.so.1: cannot open shared object file: No such file or directory
2026-07-24T13:49:36Z [10,815ms] [Warning] [rtx.neuraylib.plugin] [LINK:PLUGIN]   0.0   LINK   plug warn : Loading .\nt-x86-64\lib\nvcuvid_video_decoder.so: .\nt-x86-64\lib\nvcuvid_video_decoder.so: cannot open shared object file: No such file or directory
2026-07-24T13:49:36Z [10,815ms] [Warning] [rtx.neuraylib.plugin] Failed to load nvcuvid h264 decoder plugin. Iray Bridge h264 support will not be available.
[INFO] Command Manager:  <CommandManager> contains 1 active terms.
+------------------------------------------------+
|              Active Command Terms              |
+-------+---------------+------------------------+
| Index | Name          |          Type          |
+-------+---------------+------------------------+
|   0   | base_velocity | UniformVelocityCommand |
+-------+---------------+------------------------+

[INFO] Event Manager:  <EventManager> contains 2 active terms.
+--------------------------------------+
| Active Event Terms in Mode: 'startup' |
+----------+---------------------------+
|  Index   | Name                      |
+----------+---------------------------+
|    0     | physics_material          |
+----------+---------------------------+
+-------------------------------------+
| Active Event Terms in Mode: 'reset' |
+---------+---------------------------+
|  Index  | Name                      |
+---------+---------------------------+
|    0    | reset_base                |
|    1    | reset_robot_joints        |
+---------+---------------------------+

[INFO] Recorder Manager:  <RecorderManager> contains 0 active terms.
+---------------------+
| Active Recorder Terms |
+-----------+---------+
|   Index   | Name    |
+-----------+---------+
+-----------+---------+

[INFO] Action Manager:  <ActionManager> contains 1 active terms.
+------------------------------------+
|  Active Action Terms (shape: 12)   |
+--------+-------------+-------------+
| Index  | Name        |   Dimension |
+--------+-------------+-------------+
|   0    | joint_pos   |          12 |
+--------+-------------+-------------+

[INFO] Observation Manager: <ObservationManager> contains 1 groups.
+---------------------------------------------------------+
| Active Observation Terms in Group: 'policy' (shape: (48,)) |
+-----------+---------------------------------+-----------+
|   Index   | Name                            |   Shape   |
+-----------+---------------------------------+-----------+
|     0     | base_lin_vel                    |    (3,)   |
|     1     | base_ang_vel                    |    (3,)   |
|     2     | projected_gravity               |    (3,)   |
|     3     | velocity_commands               |    (3,)   |
|     4     | joint_pos                       |   (12,)   |
|     5     | joint_vel                       |   (12,)   |
|     6     | actions                         |   (12,)   |
+-----------+---------------------------------+-----------+

[INFO] Termination Manager:  <TerminationManager> contains 2 active terms.
+---------------------------------+
|     Active Termination Terms    |
+-------+--------------+----------+
| Index | Name         | Time Out |
+-------+--------------+----------+
|   0   | time_out     |   True   |
|   1   | base_contact |  False   |
+-------+--------------+----------+

[INFO] Reward Manager:  <RewardManager> contains 10 active terms.
+-----------------------------------------+
|           Active Reward Terms           |
+-------+----------------------+----------+
| Index | Name                 |   Weight |
+-------+----------------------+----------+
|   0   | track_lin_vel_xy_exp |      1.5 |
|   1   | track_ang_vel_z_exp  |     0.75 |
|   2   | lin_vel_z_l2         |     -2.0 |
|   3   | ang_vel_xy_l2        |    -0.05 |
|   4   | dof_torques_l2       |  -0.0002 |
|   5   | dof_acc_l2           | -2.5e-07 |
|   6   | action_rate_l2       |    -0.01 |
|   7   | feet_air_time        |     0.25 |
|   8   | flat_orientation_l2  |     -2.5 |
|   9   | dof_pos_limits       |      0.0 |
+-------+----------------------+----------+

[INFO] Curriculum Manager:  <CurriculumManager> contains 0 active terms.
+----------------------+
| Active Curriculum Terms |
+-----------+----------+
|   Index   | Name     |
+-----------+----------+
+-----------+----------+

[INFO]: Completed setting up the environment...
2026-07-24T13:49:36Z [11,339ms] [Warning] [omni.physx.fabric.plugin] FabricManager::initializePointInstancer mismatched prototypes on point instancer: /Visuals/Command/velocity_current.
2026-07-24T13:49:36Z [11,339ms] [Warning] [omni.physx.fabric.plugin] FabricManager::initializePointInstancer mismatched prototypes on point instancer: /Visuals/Command/velocity_goal.
/home/ubuntu/miniconda3/envs/env_isaaclab/lib/python3.11/site-packages/rsl_rl/utils/utils.py:220: UserWarning: The observation configuration dictionary 'obs_groups' is empty and thus likely not configured. Consider configuring the 'obs_groups' dictionary explicitly
  warnings.warn(
/home/ubuntu/miniconda3/envs/env_isaaclab/lib/python3.11/site-packages/rsl_rl/utils/utils.py:251: UserWarning: The observation configuration dictionary 'obs_groups' does not contain the 'actor' key. As an observation group with the name 'policy' was found, this is assumed to be the appropriate observation. Consider adding the 'actor' key to the 'obs_groups' dictionary for clarity. This behavior will be removed in a future version.
  warnings.warn(
/home/ubuntu/miniconda3/envs/env_isaaclab/lib/python3.11/site-packages/rsl_rl/utils/utils.py:251: UserWarning: The observation configuration dictionary 'obs_groups' does not contain the 'critic' key. As an observation group with the name 'policy' was found, this is assumed to be the appropriate observation. Consider adding the 'critic' key to the 'obs_groups' dictionary for clarity. This behavior will be removed in a future version.
  warnings.warn(
--------------------------------------------------------------------------------
Resolved observation sets: 
	 actor :  ['policy']
	 critic :  ['policy']
--------------------------------------------------------------------------------
Actor Model: MLPModel(
  (obs_normalizer): Identity()
  (distribution): GaussianDistribution()
  (mlp): MLP(
    (0): Linear(in_features=48, out_features=128, bias=True)
    (1): ELU(alpha=1.0)
    (2): Linear(in_features=128, out_features=128, bias=True)
    (3): ELU(alpha=1.0)
    (4): Linear(in_features=128, out_features=128, bias=True)
    (5): ELU(alpha=1.0)
    (6): Linear(in_features=128, out_features=12, bias=True)
  )
)
Critic Model: MLPModel(
  (obs_normalizer): Identity()
  (mlp): MLP(
    (0): Linear(in_features=48, out_features=128, bias=True)
    (1): ELU(alpha=1.0)
    (2): Linear(in_features=128, out_features=128, bias=True)
    (3): ELU(alpha=1.0)
    (4): Linear(in_features=128, out_features=128, bias=True)
    (5): ELU(alpha=1.0)
    (6): Linear(in_features=128, out_features=1, bias=True)
  )
)
[    baseline_full_dr | action_latency/moderate] return=   38.03  fall_rate=0.00  stuck=0
--------------------------------------------------------------------------------
Resolved observation sets: 
	 actor :  ['policy']
	 critic :  ['policy']
--------------------------------------------------------------------------------
Actor Model: MLPModel(
  (obs_normalizer): Identity()
  (distribution): GaussianDistribution()
  (mlp): MLP(
    (0): Linear(in_features=48, out_features=128, bias=True)
    (1): ELU(alpha=1.0)
    (2): Linear(in_features=128, out_features=128, bias=True)
    (3): ELU(alpha=1.0)
    (4): Linear(in_features=128, out_features=128, bias=True)
    (5): ELU(alpha=1.0)
    (6): Linear(in_features=128, out_features=12, bias=True)
  )
)
Critic Model: MLPModel(
  (obs_normalizer): Identity()
  (mlp): MLP(
    (0): Linear(in_features=48, out_features=128, bias=True)
    (1): ELU(alpha=1.0)
    (2): Linear(in_features=128, out_features=128, bias=True)
    (3): ELU(alpha=1.0)
    (4): Linear(in_features=128, out_features=128, bias=True)
    (5): ELU(alpha=1.0)
    (6): Linear(in_features=128, out_features=1, bias=True)
  )
)
[         no_friction | action_latency/moderate] return=   37.92  fall_rate=0.00  stuck=0
--------------------------------------------------------------------------------
Resolved observation sets: 
	 actor :  ['policy']
	 critic :  ['policy']
--------------------------------------------------------------------------------
Actor Model: MLPModel(
  (obs_normalizer): Identity()
  (distribution): GaussianDistribution()
  (mlp): MLP(
    (0): Linear(in_features=48, out_features=128, bias=True)
    (1): ELU(alpha=1.0)
    (2): Linear(in_features=128, out_features=128, bias=True)
    (3): ELU(alpha=1.0)
    (4): Linear(in_features=128, out_features=128, bias=True)
    (5): ELU(alpha=1.0)
    (6): Linear(in_features=128, out_features=12, bias=True)
  )
)
Critic Model: MLPModel(
  (obs_normalizer): Identity()
  (mlp): MLP(
    (0): Linear(in_features=48, out_features=128, bias=True)
    (1): ELU(alpha=1.0)
    (2): Linear(in_features=128, out_features=128, bias=True)
    (3): ELU(alpha=1.0)
    (4): Linear(in_features=128, out_features=128, bias=True)
    (5): ELU(alpha=1.0)
    (6): Linear(in_features=128, out_features=1, bias=True)
  )
)
[             no_mass | action_latency/moderate] return=   38.27  fall_rate=0.00  stuck=0
--------------------------------------------------------------------------------
Resolved observation sets: 
	 actor :  ['policy']
	 critic :  ['policy']
--------------------------------------------------------------------------------
Actor Model: MLPModel(
  (obs_normalizer): Identity()
  (distribution): GaussianDistribution()
  (mlp): MLP(
    (0): Linear(in_features=48, out_features=128, bias=True)
    (1): ELU(alpha=1.0)
    (2): Linear(in_features=128, out_features=128, bias=True)
    (3): ELU(alpha=1.0)
    (4): Linear(in_features=128, out_features=128, bias=True)
    (5): ELU(alpha=1.0)
    (6): Linear(in_features=128, out_features=12, bias=True)
  )
)
Critic Model: MLPModel(
  (obs_normalizer): Identity()
  (mlp): MLP(
    (0): Linear(in_features=48, out_features=128, bias=True)
    (1): ELU(alpha=1.0)
    (2): Linear(in_features=128, out_features=128, bias=True)
    (3): ELU(alpha=1.0)
    (4): Linear(in_features=128, out_features=128, bias=True)
    (5): ELU(alpha=1.0)
    (6): Linear(in_features=128, out_features=1, bias=True)
  )
)
[   no_motor_strength | action_latency/moderate] return=   38.45  fall_rate=0.00  stuck=0
--------------------------------------------------------------------------------
Resolved observation sets: 
	 actor :  ['policy']
	 critic :  ['policy']
--------------------------------------------------------------------------------
Actor Model: MLPModel(
  (obs_normalizer): Identity()
  (distribution): GaussianDistribution()
  (mlp): MLP(
    (0): Linear(in_features=48, out_features=128, bias=True)
    (1): ELU(alpha=1.0)
    (2): Linear(in_features=128, out_features=128, bias=True)
    (3): ELU(alpha=1.0)
    (4): Linear(in_features=128, out_features=128, bias=True)
    (5): ELU(alpha=1.0)
    (6): Linear(in_features=128, out_features=12, bias=True)
  )
)
Critic Model: MLPModel(
  (obs_normalizer): Identity()
  (mlp): MLP(
    (0): Linear(in_features=48, out_features=128, bias=True)
    (1): ELU(alpha=1.0)
    (2): Linear(in_features=128, out_features=128, bias=True)
    (3): ELU(alpha=1.0)
    (4): Linear(in_features=128, out_features=128, bias=True)
    (5): ELU(alpha=1.0)
    (6): Linear(in_features=128, out_features=1, bias=True)
  )
)
[     no_sensor_noise | action_latency/moderate] return=   36.82  fall_rate=0.00  stuck=0
--------------------------------------------------------------------------------
Resolved observation sets: 
	 actor :  ['policy']
	 critic :  ['policy']
--------------------------------------------------------------------------------
Actor Model: MLPModel(
  (obs_normalizer): Identity()
  (distribution): GaussianDistribution()
  (mlp): MLP(
    (0): Linear(in_features=48, out_features=128, bias=True)
    (1): ELU(alpha=1.0)
    (2): Linear(in_features=128, out_features=128, bias=True)
    (3): ELU(alpha=1.0)
    (4): Linear(in_features=128, out_features=128, bias=True)
    (5): ELU(alpha=1.0)
    (6): Linear(in_features=128, out_features=12, bias=True)
  )
)
Critic Model: MLPModel(
  (obs_normalizer): Identity()
  (mlp): MLP(
    (0): Linear(in_features=48, out_features=128, bias=True)
    (1): ELU(alpha=1.0)
    (2): Linear(in_features=128, out_features=128, bias=True)
    (3): ELU(alpha=1.0)
    (4): Linear(in_features=128, out_features=128, bias=True)
    (5): ELU(alpha=1.0)
    (6): Linear(in_features=128, out_features=1, bias=True)
  )
)
[   no_action_latency | action_latency/moderate] return=   29.48  fall_rate=0.03  stuck=0
2026-07-24T13:51:42Z [137,199ms] [Warning] [omni.physx.foundation.plugin] PhysXFoundation: Calling createGpuFoundation without first releasing already acquired instances with releaseGpuFoundation!
2026-07-24T13:51:42Z [137,242ms] [Error] [carb.graphics-vulkan.plugin] VkResult: ERROR_INCOMPATIBLE_DRIVER
2026-07-24T13:51:42Z [137,242ms] [Error] [carb.graphics-vulkan.plugin] vkCreateInstance failed. Vulkan 1.1 is not supported, or your driver requires an update.
2026-07-24T13:51:42Z [137,242ms] [Error] [gpu.foundation.plugin] carb::graphics::createInstance failed.
2026-07-24T13:51:42Z [137,375ms] [Error] [gpu.foundation.plugin] Invalid getDeviceInfo parameters.
2026-07-24T13:51:42Z [137,375ms] [Warning] [omni.physx.foundation.plugin] PhysXFoundation: Couldn't get driver version, failed to getDeviceInfo
2026-07-24T13:51:42Z [137,375ms] [Warning] [omni.physx.foundation.plugin] PhysXFoundation: Unable to get IGpuFoundation, GpuDevices or Graphics!
[INFO][AppLauncher]: Using device: cuda:0
[INFO][AppLauncher]: Loading experience file: /home/ubuntu/IsaacLab/apps/isaaclab.python.headless.kit
Loading user config located at: '/home/ubuntu/miniconda3/envs/env_isaaclab/lib/python3.11/site-packages/isaacsim/kit/data/Kit/Isaac-Sim/5.1/user.config.json'
[Info] [carb] Logging to file: /home/ubuntu/miniconda3/envs/env_isaaclab/lib/python3.11/site-packages/isaacsim/kit/logs/Kit/Isaac-Sim/5.1/kit_20260724_135142.log
2026-07-24T13:51:43Z [152ms] [Warning] [omni.usd_config.extension] Enable omni.materialx.libs extension to use MaterialX
2026-07-24T13:51:43Z [528ms] [Warning] [omni.platforminfo.plugin] failed to open the default display.  Can't verify X Server version.
2026-07-24T13:51:43Z [762ms] [Warning] [carb] Acquiring non optional plugin interface which is not listed as dependency: [omni::physx::IPhysxBenchmarks v1.0] (plugin: <default plugin>), by client: omni.physics.physx.plugin. Add it to CARB_PLUGIN_IMPL_DEPS() macro of a client.
2026-07-24T13:51:43Z [772ms] [Warning] [omni.isaac.dynamic_control] omni.isaac.dynamic_control is deprecated as of Isaac Sim 4.5. No action is needed from end-users.
2026-07-24T13:51:48Z [5,303ms] [Error] [carb.graphics-vulkan.plugin] VkResult: ERROR_INCOMPATIBLE_DRIVER
2026-07-24T13:51:48Z [5,303ms] [Error] [carb.graphics-vulkan.plugin] vkCreateInstance failed. Vulkan 1.1 is not supported, or your driver requires an update.
2026-07-24T13:51:48Z [5,303ms] [Error] [gpu.foundation.plugin] carb::graphics::createInstance failed.
2026-07-24T13:51:48Z [5,406ms] [Error] [gpu.foundation.plugin] Invalid getDeviceInfo parameters.
2026-07-24T13:51:48Z [5,406ms] [Warning] [omni.physx.foundation.plugin] PhysXFoundation: Couldn't get driver version, failed to getDeviceInfo
2026-07-24T13:51:48Z [5,406ms] [Warning] [omni.physx.foundation.plugin] PhysXFoundation: Unable to get IGpuFoundation, GpuDevices or Graphics!
2026-07-24T13:51:50Z [7,068ms] [Warning] [isaaclab.envs.manager_based_env] Seed not set for the environment. The environment creation may not be deterministic.

[36m======================================================================================[0m
[36m[1m[INFO][IsaacLab]: Logging to file: /tmp/isaaclab/logs/isaaclab_2026-07-24_13-51-50.log[0m
[36m======================================================================================[0m

[33m13:51:50 [simulation_context.py] WARNING: The `enable_external_forces_every_iteration` parameter in the PhysxCfg is set to False. If you are experiencing noisy velocities, consider enabling this flag. You may need to slightly increase the number of velocity iterations (setting it to 1 or 2 rather than 0), together with this flag, to improve the accuracy of velocity updates.[0m
[INFO]: Base environment:
	Environment device    : cuda:0
	Environment seed      : None
	Physics step-size     : 0.005
	Rendering step-size   : 0.02
	Environment step-size : 0.02
[33m13:51:50 [terrain_importer.py] WARNING: Visual material specified for ground plane but no diffuse color found. Using default color: (0.0, 0.0, 0.0)[0m
[INFO]: Time taken for scene creation : 0.856193 seconds
[INFO]: Scene manager:  <class InteractiveScene>
	Number of environments: 30
	Environment spacing   : 2.5
	Source prim name      : /World/envs/env_0
	Global prim paths     : ['/World/ground']
	Replicate physics     : True
[INFO]: Starting the simulation. This may take a few seconds. Please wait...
[INFO]: Time taken for simulation start : 0.728919 seconds
2026-07-24T13:51:51Z [8,812ms] [Warning] [rtx.neuraylib.plugin] [LINK:PLUGIN]   0.0   LINK   plug warn : Loading /home/ubuntu/miniconda3/envs/env_isaaclab/lib/python3.11/site-packages/isaacsim/extscache/omni.iray.libs-0.0.0+69cbf6ad.lx64.r/bin/iray/nvcuvid_video_decoder.so: libnvcuvid.so.1: cannot open shared object file: No such file or directory
2026-07-24T13:51:51Z [8,813ms] [Warning] [rtx.neuraylib.plugin] [LINK:PLUGIN]   0.0   LINK   plug warn : Loading .\nt-x86-64\lib\nvcuvid_video_decoder.so: .\nt-x86-64\lib\nvcuvid_video_decoder.so: cannot open shared object file: No such file or directory
2026-07-24T13:51:51Z [8,813ms] [Warning] [rtx.neuraylib.plugin] Failed to load nvcuvid h264 decoder plugin. Iray Bridge h264 support will not be available.
[INFO] Command Manager:  <CommandManager> contains 1 active terms.
+------------------------------------------------+
|              Active Command Terms              |
+-------+---------------+------------------------+
| Index | Name          |          Type          |
+-------+---------------+------------------------+
|   0   | base_velocity | UniformVelocityCommand |
+-------+---------------+------------------------+

[INFO] Event Manager:  <EventManager> contains 2 active terms.
+--------------------------------------+
| Active Event Terms in Mode: 'startup' |
+----------+---------------------------+
|  Index   | Name                      |
+----------+---------------------------+
|    0     | physics_material          |
+----------+---------------------------+
+-------------------------------------+
| Active Event Terms in Mode: 'reset' |
+---------+---------------------------+
|  Index  | Name                      |
+---------+---------------------------+
|    0    | reset_base                |
|    1    | reset_robot_joints        |
+---------+---------------------------+

[INFO] Recorder Manager:  <RecorderManager> contains 0 active terms.
+---------------------+
| Active Recorder Terms |
+-----------+---------+
|   Index   | Name    |
+-----------+---------+
+-----------+---------+

[INFO] Action Manager:  <ActionManager> contains 1 active terms.
+------------------------------------+
|  Active Action Terms (shape: 12)   |
+--------+-------------+-------------+
| Index  | Name        |   Dimension |
+--------+-------------+-------------+
|   0    | joint_pos   |          12 |
+--------+-------------+-------------+

[INFO] Observation Manager: <ObservationManager> contains 1 groups.
+---------------------------------------------------------+
| Active Observation Terms in Group: 'policy' (shape: (48,)) |
+-----------+---------------------------------+-----------+
|   Index   | Name                            |   Shape   |
+-----------+---------------------------------+-----------+
|     0     | base_lin_vel                    |    (3,)   |
|     1     | base_ang_vel                    |    (3,)   |
|     2     | projected_gravity               |    (3,)   |
|     3     | velocity_commands               |    (3,)   |
|     4     | joint_pos                       |   (12,)   |
|     5     | joint_vel                       |   (12,)   |
|     6     | actions                         |   (12,)   |
+-----------+---------------------------------+-----------+

[INFO] Termination Manager:  <TerminationManager> contains 2 active terms.
+---------------------------------+
|     Active Termination Terms    |
+-------+--------------+----------+
| Index | Name         | Time Out |
+-------+--------------+----------+
|   0   | time_out     |   True   |
|   1   | base_contact |  False   |
+-------+--------------+----------+

[INFO] Reward Manager:  <RewardManager> contains 10 active terms.
+-----------------------------------------+
|           Active Reward Terms           |
+-------+----------------------+----------+
| Index | Name                 |   Weight |
+-------+----------------------+----------+
|   0   | track_lin_vel_xy_exp |      1.5 |
|   1   | track_ang_vel_z_exp  |     0.75 |
|   2   | lin_vel_z_l2         |     -2.0 |
|   3   | ang_vel_xy_l2        |    -0.05 |
|   4   | dof_torques_l2       |  -0.0002 |
|   5   | dof_acc_l2           | -2.5e-07 |
|   6   | action_rate_l2       |    -0.01 |
|   7   | feet_air_time        |     0.25 |
|   8   | flat_orientation_l2  |     -2.5 |
|   9   | dof_pos_limits       |      0.0 |
+-------+----------------------+----------+

[INFO] Curriculum Manager:  <CurriculumManager> contains 0 active terms.
+----------------------+
| Active Curriculum Terms |
+-----------+----------+
|   Index   | Name     |
+-----------+----------+
+-----------+----------+

[INFO]: Completed setting up the environment...
2026-07-24T13:51:52Z [9,334ms] [Warning] [omni.physx.fabric.plugin] FabricManager::initializePointInstancer mismatched prototypes on point instancer: /Visuals/Command/velocity_goal.
2026-07-24T13:51:52Z [9,335ms] [Warning] [omni.physx.fabric.plugin] FabricManager::initializePointInstancer mismatched prototypes on point instancer: /Visuals/Command/velocity_current.
/home/ubuntu/miniconda3/envs/env_isaaclab/lib/python3.11/site-packages/rsl_rl/utils/utils.py:220: UserWarning: The observation configuration dictionary 'obs_groups' is empty and thus likely not configured. Consider configuring the 'obs_groups' dictionary explicitly
  warnings.warn(
/home/ubuntu/miniconda3/envs/env_isaaclab/lib/python3.11/site-packages/rsl_rl/utils/utils.py:251: UserWarning: The observation configuration dictionary 'obs_groups' does not contain the 'actor' key. As an observation group with the name 'policy' was found, this is assumed to be the appropriate observation. Consider adding the 'actor' key to the 'obs_groups' dictionary for clarity. This behavior will be removed in a future version.
  warnings.warn(
/home/ubuntu/miniconda3/envs/env_isaaclab/lib/python3.11/site-packages/rsl_rl/utils/utils.py:251: UserWarning: The observation configuration dictionary 'obs_groups' does not contain the 'critic' key. As an observation group with the name 'policy' was found, this is assumed to be the appropriate observation. Consider adding the 'critic' key to the 'obs_groups' dictionary for clarity. This behavior will be removed in a future version.
  warnings.warn(
--------------------------------------------------------------------------------
Resolved observation sets: 
	 actor :  ['policy']
	 critic :  ['policy']
--------------------------------------------------------------------------------
Actor Model: MLPModel(
  (obs_normalizer): Identity()
  (distribution): GaussianDistribution()
  (mlp): MLP(
    (0): Linear(in_features=48, out_features=128, bias=True)
    (1): ELU(alpha=1.0)
    (2): Linear(in_features=128, out_features=128, bias=True)
    (3): ELU(alpha=1.0)
    (4): Linear(in_features=128, out_features=128, bias=True)
    (5): ELU(alpha=1.0)
    (6): Linear(in_features=128, out_features=12, bias=True)
  )
)
Critic Model: MLPModel(
  (obs_normalizer): Identity()
  (mlp): MLP(
    (0): Linear(in_features=48, out_features=128, bias=True)
    (1): ELU(alpha=1.0)
    (2): Linear(in_features=128, out_features=128, bias=True)
    (3): ELU(alpha=1.0)
    (4): Linear(in_features=128, out_features=128, bias=True)
    (5): ELU(alpha=1.0)
    (6): Linear(in_features=128, out_features=1, bias=True)
  )
)
[    baseline_full_dr | action_latency/hard    ] return=   13.49  fall_rate=0.40  stuck=0
--------------------------------------------------------------------------------
Resolved observation sets: 
	 actor :  ['policy']
	 critic :  ['policy']
--------------------------------------------------------------------------------
Actor Model: MLPModel(
  (obs_normalizer): Identity()
  (distribution): GaussianDistribution()
  (mlp): MLP(
    (0): Linear(in_features=48, out_features=128, bias=True)
    (1): ELU(alpha=1.0)
    (2): Linear(in_features=128, out_features=128, bias=True)
    (3): ELU(alpha=1.0)
    (4): Linear(in_features=128, out_features=128, bias=True)
    (5): ELU(alpha=1.0)
    (6): Linear(in_features=128, out_features=12, bias=True)
  )
)
Critic Model: MLPModel(
  (obs_normalizer): Identity()
  (mlp): MLP(
    (0): Linear(in_features=48, out_features=128, bias=True)
    (1): ELU(alpha=1.0)
    (2): Linear(in_features=128, out_features=128, bias=True)
    (3): ELU(alpha=1.0)
    (4): Linear(in_features=128, out_features=128, bias=True)
    (5): ELU(alpha=1.0)
    (6): Linear(in_features=128, out_features=1, bias=True)
  )
)
[         no_friction | action_latency/hard    ] return=   19.35  fall_rate=0.13  stuck=0
--------------------------------------------------------------------------------
Resolved observation sets: 
	 actor :  ['policy']
	 critic :  ['policy']
--------------------------------------------------------------------------------
Actor Model: MLPModel(
  (obs_normalizer): Identity()
  (distribution): GaussianDistribution()
  (mlp): MLP(
    (0): Linear(in_features=48, out_features=128, bias=True)
    (1): ELU(alpha=1.0)
    (2): Linear(in_features=128, out_features=128, bias=True)
    (3): ELU(alpha=1.0)
    (4): Linear(in_features=128, out_features=128, bias=True)
    (5): ELU(alpha=1.0)
    (6): Linear(in_features=128, out_features=12, bias=True)
  )
)
Critic Model: MLPModel(
  (obs_normalizer): Identity()
  (mlp): MLP(
    (0): Linear(in_features=48, out_features=128, bias=True)
    (1): ELU(alpha=1.0)
    (2): Linear(in_features=128, out_features=128, bias=True)
    (3): ELU(alpha=1.0)
    (4): Linear(in_features=128, out_features=128, bias=True)
    (5): ELU(alpha=1.0)
    (6): Linear(in_features=128, out_features=1, bias=True)
  )
)
[             no_mass | action_latency/hard    ] return=   14.83  fall_rate=0.37  stuck=0
--------------------------------------------------------------------------------
Resolved observation sets: 
	 actor :  ['policy']
	 critic :  ['policy']
--------------------------------------------------------------------------------
Actor Model: MLPModel(
  (obs_normalizer): Identity()
  (distribution): GaussianDistribution()
  (mlp): MLP(
    (0): Linear(in_features=48, out_features=128, bias=True)
    (1): ELU(alpha=1.0)
    (2): Linear(in_features=128, out_features=128, bias=True)
    (3): ELU(alpha=1.0)
    (4): Linear(in_features=128, out_features=128, bias=True)
    (5): ELU(alpha=1.0)
    (6): Linear(in_features=128, out_features=12, bias=True)
  )
)
Critic Model: MLPModel(
  (obs_normalizer): Identity()
  (mlp): MLP(
    (0): Linear(in_features=48, out_features=128, bias=True)
    (1): ELU(alpha=1.0)
    (2): Linear(in_features=128, out_features=128, bias=True)
    (3): ELU(alpha=1.0)
    (4): Linear(in_features=128, out_features=128, bias=True)
    (5): ELU(alpha=1.0)
    (6): Linear(in_features=128, out_features=1, bias=True)
  )
)
[   no_motor_strength | action_latency/hard    ] return=   18.63  fall_rate=0.13  stuck=0
--------------------------------------------------------------------------------
Resolved observation sets: 
	 actor :  ['policy']
	 critic :  ['policy']
--------------------------------------------------------------------------------
Actor Model: MLPModel(
  (obs_normalizer): Identity()
  (distribution): GaussianDistribution()
  (mlp): MLP(
    (0): Linear(in_features=48, out_features=128, bias=True)
    (1): ELU(alpha=1.0)
    (2): Linear(in_features=128, out_features=128, bias=True)
    (3): ELU(alpha=1.0)
    (4): Linear(in_features=128, out_features=128, bias=True)
    (5): ELU(alpha=1.0)
    (6): Linear(in_features=128, out_features=12, bias=True)
  )
)
Critic Model: MLPModel(
  (obs_normalizer): Identity()
  (mlp): MLP(
    (0): Linear(in_features=48, out_features=128, bias=True)
    (1): ELU(alpha=1.0)
    (2): Linear(in_features=128, out_features=128, bias=True)
    (3): ELU(alpha=1.0)
    (4): Linear(in_features=128, out_features=128, bias=True)
    (5): ELU(alpha=1.0)
    (6): Linear(in_features=128, out_features=1, bias=True)
  )
)
[     no_sensor_noise | action_latency/hard    ] return=    6.73  fall_rate=0.60  stuck=0
--------------------------------------------------------------------------------
Resolved observation sets: 
	 actor :  ['policy']
	 critic :  ['policy']
--------------------------------------------------------------------------------
Actor Model: MLPModel(
  (obs_normalizer): Identity()
  (distribution): GaussianDistribution()
  (mlp): MLP(
    (0): Linear(in_features=48, out_features=128, bias=True)
    (1): ELU(alpha=1.0)
    (2): Linear(in_features=128, out_features=128, bias=True)
    (3): ELU(alpha=1.0)
    (4): Linear(in_features=128, out_features=128, bias=True)
    (5): ELU(alpha=1.0)
    (6): Linear(in_features=128, out_features=12, bias=True)
  )
)
Critic Model: MLPModel(
  (obs_normalizer): Identity()
  (mlp): MLP(
    (0): Linear(in_features=48, out_features=128, bias=True)
    (1): ELU(alpha=1.0)
    (2): Linear(in_features=128, out_features=128, bias=True)
    (3): ELU(alpha=1.0)
    (4): Linear(in_features=128, out_features=128, bias=True)
    (5): ELU(alpha=1.0)
    (6): Linear(in_features=128, out_features=1, bias=True)
  )
)
[   no_action_latency | action_latency/hard    ] return=    0.69  fall_rate=0.63  stuck=0
2026-07-24T13:53:50Z [127,934ms] [Warning] [omni.physx.foundation.plugin] PhysXFoundation: Calling createGpuFoundation without first releasing already acquired instances with releaseGpuFoundation!
2026-07-24T13:53:50Z [127,959ms] [Error] [carb.graphics-vulkan.plugin] VkResult: ERROR_INCOMPATIBLE_DRIVER
2026-07-24T13:53:50Z [127,959ms] [Error] [carb.graphics-vulkan.plugin] vkCreateInstance failed. Vulkan 1.1 is not supported, or your driver requires an update.
2026-07-24T13:53:50Z [127,959ms] [Error] [gpu.foundation.plugin] carb::graphics::createInstance failed.
2026-07-24T13:53:51Z [128,070ms] [Error] [gpu.foundation.plugin] Invalid getDeviceInfo parameters.
2026-07-24T13:53:51Z [128,070ms] [Warning] [omni.physx.foundation.plugin] PhysXFoundation: Couldn't get driver version, failed to getDeviceInfo
2026-07-24T13:53:51Z [128,070ms] [Warning] [omni.physx.foundation.plugin] PhysXFoundation: Unable to get IGpuFoundation, GpuDevices or Graphics!
