policy,perturb_type,severity,perturb_value,episode_idx,ep_return,ep_len,track_err,fell,hit_ceiling,eval_seed
baseline_full_dr,nominal,none,,0,42.53631591796875,1000,0.04247045889496803,False,False,42
baseline_full_dr,nominal,none,,1,41.172447204589844,1000,0.05704287812113762,False,False,42
baseline_full_dr,nominal,none,,2,41.24601745605469,1000,0.06829658150672913,False,False,42
baseline_full_dr,nominal,none,,3,41.94709014892578,1000,0.055724192410707474,False,False,42
baseline_full_dr,nominal,none,,4,41.614871978759766,1000,0.050053294748067856,False,False,42
baseline_full_dr,nominal,none,,5,40.674041748046875,1000,0.06706332415342331,False,False,42
baseline_full_dr,nominal,none,,6,39.65135192871094,1000,0.06830067187547684,False,False,42
baseline_full_dr,nominal,none,,7,40.674705505371094,1000,0.07164789736270905,False,False,42
baseline_full_dr,nominal,none,,8,41.54178237915039,1000,0.054936546832323074,False,False,42
baseline_full_dr,nominal,none,,9,39.23207473754883,1000,0.06418610364198685,False,False,42
baseline_full_dr,nominal,none,,10,42.35796356201172,1000,0.04075416922569275,False,False,42
baseline_full_dr,nominal,none,,11,39.21978759765625,1000,0.07527787238359451,False,False,42
baseline_full_dr,nominal,none,,12,40.26495361328125,1000,0.0694061890244484,False,False,42
baseline_full_dr,nominal,none,,13,41.32125473022461,1000,0.06134602800011635,False,False,42
baseline_full_dr,nominal,none,,14,39.90827560424805,1000,0.07659197598695755,False,False,42
baseline_full_dr,nominal,none,,15,38.1640739440918,1000,0.09525071829557419,False,False,42
baseline_full_dr,nominal,none,,16,39.06683349609375,1000,0.07852642238140106,False,False,42
baseline_full_dr,nominal,none,,17,42.18630599975586,1000,0.05871524289250374,False,False,42
baseline_full_dr,nominal,none,,18,39.949974060058594,1000,0.0780351459980011,False,False,42
baseline_full_dr,nominal,none,,19,40.764686584472656,1000,0.07506880164146423,False,False,42
baseline_full_dr,nominal,none,,20,39.91013717651367,1000,0.07097843289375305,False,False,42
baseline_full_dr,nominal,none,,21,42.051753997802734,1000,0.06879951804876328,False,False,42
baseline_full_dr,nominal,none,,22,41.48737335205078,1000,0.05185285583138466,False,False,42
baseline_full_dr,nominal,none,,23,42.032684326171875,1000,0.05022521689534187,False,False,42
baseline_full_dr,nominal,none,,24,42.12188720703125,1000,0.05689719691872597,False,False,42
baseline_full_dr,nominal,none,,25,42.35929870605469,1000,0.049662135541439056,False,False,42
baseline_full_dr,nominal,none,,26,42.58200454711914,1000,0.05983279272913933,False,False,42
baseline_full_dr,nominal,none,,27,40.549583435058594,1000,0.06296899169683456,False,False,42
baseline_full_dr,nominal,none,,28,39.71647262573242,1000,0.06889830529689789,False,False,42
baseline_full_dr,nominal,none,,29,41.676109313964844,1000,0.0600261390209198,False,False,42
no_friction,nominal,none,,0,41.99335479736328,1000,0.040315061807632446,False,False,42
no_friction,nominal,none,,1,39.71897506713867,1000,0.06532169133424759,False,False,42
no_friction,nominal,none,,2,40.97848892211914,1000,0.06943298131227493,False,False,42
no_friction,nominal,none,,3,41.42158126831055,1000,0.04545498639345169,False,False,42
no_friction,nominal,none,,4,41.101226806640625,1000,0.05362774431705475,False,False,42
no_friction,nominal,none,,5,39.949703216552734,1000,0.08471480011940002,False,False,42
no_friction,nominal,none,,6,39.770729064941406,1000,0.07612451165914536,False,False,42
no_friction,nominal,none,,7,40.15875244140625,1000,0.07394424080848694,False,False,42
no_friction,nominal,none,,8,41.11859130859375,1000,0.053390808403491974,False,False,42
no_friction,nominal,none,,9,38.48134231567383,1000,0.07392557710409164,False,False,42
no_friction,nominal,none,,10,41.65468215942383,1000,0.05329965054988861,False,False,42
no_friction,nominal,none,,11,38.75630187988281,1000,0.07467536628246307,False,False,42
no_friction,nominal,none,,12,39.25567626953125,1000,0.08329302072525024,False,False,42
no_friction,nominal,none,,13,40.36605453491211,1000,0.06293732672929764,False,False,42
no_friction,nominal,none,,14,39.654850006103516,1000,0.08248484879732132,False,False,42
no_friction,nominal,none,,15,38.034603118896484,1000,0.10435381531715393,False,False,42
no_friction,nominal,none,,16,38.037208557128906,1000,0.09838385879993439,False,False,42
no_friction,nominal,none,,17,41.97923278808594,1000,0.06171921640634537,False,False,42
no_friction,nominal,none,,18,39.76659393310547,1000,0.08408231288194656,False,False,42
no_friction,nominal,none,,19,40.83052444458008,1000,0.056888651102781296,False,False,42
no_friction,nominal,none,,20,39.327842712402344,1000,0.08484595268964767,False,False,42
no_friction,nominal,none,,21,42.1439094543457,1000,0.04002262279391289,False,False,42
no_friction,nominal,none,,22,41.32834243774414,1000,0.059315551072359085,False,False,42
no_friction,nominal,none,,23,41.61528015136719,1000,0.05252345651388168,False,False,42
no_friction,nominal,none,,24,38.81718444824219,1000,0.061165086925029755,False,False,42
no_friction,nominal,none,,25,41.568660736083984,1000,0.05460718646645546,False,False,42
no_friction,nominal,none,,26,41.745426177978516,1000,0.060258567333221436,False,False,42
no_friction,nominal,none,,27,40.51494598388672,1000,0.07094801962375641,False,False,42
no_friction,nominal,none,,28,39.55290603637695,1000,0.07779273390769958,False,False,42
no_friction,nominal,none,,29,40.83549880981445,1000,0.05916793271899223,False,False,42
no_mass,nominal,none,,0,42.73250198364258,1000,0.03488028421998024,False,False,42
no_mass,nominal,none,,1,41.154457092285156,1000,0.06210708990693092,False,False,42
no_mass,nominal,none,,2,41.757408142089844,1000,0.0455310232937336,False,False,42
no_mass,nominal,none,,3,39.91105651855469,1000,0.11210835725069046,False,False,42
no_mass,nominal,none,,4,41.734493255615234,1000,0.046743907034397125,False,False,42
no_mass,nominal,none,,5,40.46144104003906,1000,0.06308052688837051,False,False,42
no_mass,nominal,none,,6,40.743553161621094,1000,0.05032969266176224,False,False,42
no_mass,nominal,none,,7,40.323951721191406,1000,0.06945227086544037,False,False,42
no_mass,nominal,none,,8,41.87480545043945,1000,0.04441982880234718,False,False,42
no_mass,nominal,none,,9,39.73225784301758,1000,0.06884931772947311,False,False,42
no_mass,nominal,none,,10,42.15243911743164,1000,0.04506436362862587,False,False,42
no_mass,nominal,none,,11,39.069156646728516,1000,0.07294385880231857,False,False,42
no_mass,nominal,none,,12,40.04904556274414,1000,0.07002405822277069,False,False,42
no_mass,nominal,none,,13,41.21017074584961,1000,0.06368853151798248,False,False,42
no_mass,nominal,none,,14,40.635196685791016,1000,0.04522287845611572,False,False,42
no_mass,nominal,none,,15,38.22486877441406,1000,0.0812392309308052,False,False,42
no_mass,nominal,none,,16,38.92771530151367,1000,0.10306530445814133,False,False,42
no_mass,nominal,none,,17,42.012184143066406,1000,0.06009873375296593,False,False,42
no_mass,nominal,none,,18,40.80414581298828,1000,0.055309318006038666,False,False,42
no_mass,nominal,none,,19,38.62111282348633,1000,0.1372012048959732,False,False,42
no_mass,nominal,none,,20,40.01219177246094,1000,0.06466907262802124,False,False,42
no_mass,nominal,none,,21,40.412689208984375,1000,0.11969466507434845,False,False,42
no_mass,nominal,none,,22,41.305152893066406,1000,0.05548141151666641,False,False,42
no_mass,nominal,none,,23,42.03519058227539,1000,0.047289762645959854,False,False,42
no_mass,nominal,none,,24,42.52278137207031,1000,0.03848158195614815,False,False,42
no_mass,nominal,none,,25,42.19252014160156,1000,0.04829801991581917,False,False,42
no_mass,nominal,none,,26,42.288211822509766,1000,0.05546177551150322,False,False,42
no_mass,nominal,none,,27,41.102970123291016,1000,0.055027276277542114,False,False,42
no_mass,nominal,none,,28,39.48172378540039,1000,0.05817504599690437,False,False,42
no_mass,nominal,none,,29,41.4425048828125,1000,0.0556952990591526,False,False,42
no_motor_strength,nominal,none,,0,42.06371307373047,1000,0.03658408671617508,False,False,42
no_motor_strength,nominal,none,,1,40.4621467590332,1000,0.0643693134188652,False,False,42
no_motor_strength,nominal,none,,2,41.44425964355469,1000,0.05061131715774536,False,False,42
no_motor_strength,nominal,none,,3,41.97856140136719,1000,0.0368993878364563,False,False,42
no_motor_strength,nominal,none,,4,40.9745979309082,1000,0.06028689444065094,False,False,42
no_motor_strength,nominal,none,,5,40.551185607910156,1000,0.05765851214528084,False,False,42
no_motor_strength,nominal,none,,6,39.95139694213867,1000,0.053071267902851105,False,False,42
no_motor_strength,nominal,none,,7,39.939231872558594,1000,0.07850732654333115,False,False,42
no_motor_strength,nominal,none,,8,41.435768127441406,1000,0.047233451157808304,False,False,42
no_motor_strength,nominal,none,,9,39.605567932128906,1000,0.07038290798664093,False,False,42
no_motor_strength,nominal,none,,10,41.59136962890625,1000,0.04481909051537514,False,False,42
no_motor_strength,nominal,none,,11,39.087615966796875,1000,0.06497642397880554,False,False,42
no_motor_strength,nominal,none,,12,39.808013916015625,1000,0.07411234080791473,False,False,42
no_motor_strength,nominal,none,,13,40.754066467285156,1000,0.06450188159942627,False,False,42
no_motor_strength,nominal,none,,14,40.27046585083008,1000,0.05945345014333725,False,False,42
no_motor_strength,nominal,none,,15,37.76262283325195,1000,0.11045370995998383,False,False,42
no_motor_strength,nominal,none,,16,39.24673843383789,1000,0.09031189233064651,False,False,42
no_motor_strength,nominal,none,,17,42.0832633972168,1000,0.055959269404411316,False,False,42
no_motor_strength,nominal,none,,18,40.15620040893555,1000,0.06454110145568848,False,False,42
no_motor_strength,nominal,none,,19,40.97648620605469,1000,0.06515982747077942,False,False,42
no_motor_strength,nominal,none,,20,39.567317962646484,1000,0.07561801373958588,False,False,42
no_motor_strength,nominal,none,,21,42.522186279296875,1000,0.02897053398191929,False,False,42
no_motor_strength,nominal,none,,22,41.28956985473633,1000,0.049454156309366226,False,False,42
no_motor_strength,nominal,none,,23,41.41108322143555,1000,0.056998927146196365,False,False,42
no_motor_strength,nominal,none,,24,40.180240631103516,1000,0.06367827951908112,False,False,42
no_motor_strength,nominal,none,,25,41.74878692626953,1000,0.04207969456911087,False,False,42
no_motor_strength,nominal,none,,26,42.28419494628906,1000,0.03645845502614975,False,False,42
no_motor_strength,nominal,none,,27,40.48411560058594,1000,0.06146445870399475,False,False,42
no_motor_strength,nominal,none,,28,39.76530456542969,1000,0.06916652619838715,False,False,42
no_motor_strength,nominal,none,,29,41.39999008178711,1000,0.05836835503578186,False,False,42
no_sensor_noise,nominal,none,,0,42.624855041503906,1000,0.029430178925395012,False,False,42
no_sensor_noise,nominal,none,,1,40.900821685791016,1000,0.06925971060991287,False,False,42
no_sensor_noise,nominal,none,,2,41.52009201049805,1000,0.04330123960971832,False,False,42
no_sensor_noise,nominal,none,,3,41.609249114990234,1000,0.050963714718818665,False,False,42
no_sensor_noise,nominal,none,,4,41.640830993652344,1000,0.05633106827735901,False,False,42
no_sensor_noise,nominal,none,,5,40.046173095703125,1000,0.06646853685379028,False,False,42
no_sensor_noise,nominal,none,,6,39.718448638916016,1000,0.05597984790802002,False,False,42
no_sensor_noise,nominal,none,,7,40.2333984375,1000,0.06514383107423782,False,False,42
no_sensor_noise,nominal,none,,8,41.25114440917969,1000,0.05162616819143295,False,False,42
no_sensor_noise,nominal,none,,9,39.17009735107422,1000,0.065050408244133,False,False,42
no_sensor_noise,nominal,none,,10,42.154605865478516,1000,0.049535539001226425,False,False,42
no_sensor_noise,nominal,none,,11,39.062686920166016,1000,0.07456734031438828,False,False,42
no_sensor_noise,nominal,none,,12,40.19388198852539,1000,0.0672883465886116,False,False,42
no_sensor_noise,nominal,none,,13,41.070106506347656,1000,0.07606589049100876,False,False,42
no_sensor_noise,nominal,none,,14,39.75566482543945,1000,0.058852240443229675,False,False,42
no_sensor_noise,nominal,none,,15,37.744380950927734,1000,0.08334969729185104,False,False,42
no_sensor_noise,nominal,none,,16,38.775779724121094,1000,0.08383113145828247,False,False,42
no_sensor_noise,nominal,none,,17,41.80095672607422,1000,0.05943518877029419,False,False,42
no_sensor_noise,nominal,none,,18,40.25307846069336,1000,0.05773920938372612,False,False,42
no_sensor_noise,nominal,none,,19,41.50275802612305,1000,0.05811131373047829,False,False,42
no_sensor_noise,nominal,none,,20,40.08464050292969,1000,0.06800639629364014,False,False,42
no_sensor_noise,nominal,none,,21,42.451026916503906,1000,0.033386413007974625,False,False,42
no_sensor_noise,nominal,none,,22,41.2054557800293,1000,0.05420277640223503,False,False,42
no_sensor_noise,nominal,none,,23,41.972259521484375,1000,0.04902065917849541,False,False,42
no_sensor_noise,nominal,none,,24,38.68760681152344,1000,0.0631212517619133,False,False,42
no_sensor_noise,nominal,none,,25,42.06061935424805,1000,0.051765523850917816,False,False,42
no_sensor_noise,nominal,none,,26,42.54242706298828,1000,0.04785726219415665,False,False,42
no_sensor_noise,nominal,none,,27,40.65749740600586,1000,0.06311236321926117,False,False,42
no_sensor_noise,nominal,none,,28,39.296573638916016,1000,0.06636284291744232,False,False,42
no_sensor_noise,nominal,none,,29,41.50210189819336,1000,0.05143732205033302,False,False,42
no_action_latency,nominal,none,,0,42.71202850341797,1000,0.031521935015916824,False,False,42
no_action_latency,nominal,none,,1,41.04277420043945,1000,0.062133435159921646,False,False,42
no_action_latency,nominal,none,,2,42.11255645751953,1000,0.04269910603761673,False,False,42
no_action_latency,nominal,none,,3,41.01813507080078,1000,0.07227601110935211,False,False,42
no_action_latency,nominal,none,,4,41.58506774902344,1000,0.04881816357374191,False,False,42
no_action_latency,nominal,none,,5,40.861610412597656,1000,0.05134360492229462,False,False,42
no_action_latency,nominal,none,,6,40.81598663330078,1000,0.05166742950677872,False,False,42
no_action_latency,nominal,none,,7,41.20966339111328,1000,0.05722061172127724,False,False,42
no_action_latency,nominal,none,,8,41.82408905029297,1000,0.052515123039484024,False,False,42
no_action_latency,nominal,none,,9,40.549049377441406,1000,0.06764664500951767,False,False,42
no_action_latency,nominal,none,,10,42.33732223510742,1000,0.0379917174577713,False,False,42
no_action_latency,nominal,none,,11,40.64079666137695,1000,0.055868830531835556,False,False,42
no_action_latency,nominal,none,,12,40.69646453857422,1000,0.06428715586662292,False,False,42
no_action_latency,nominal,none,,13,41.560569763183594,1000,0.05226225405931473,False,False,42
no_action_latency,nominal,none,,14,40.96002960205078,1000,0.05155184119939804,False,False,42
no_action_latency,nominal,none,,15,39.31305694580078,1000,0.07445714622735977,False,False,42
no_action_latency,nominal,none,,16,40.0689811706543,1000,0.08135313540697098,False,False,42
no_action_latency,nominal,none,,17,42.652549743652344,1000,0.05933074653148651,False,False,42
no_action_latency,nominal,none,,18,41.11048889160156,1000,0.052909284830093384,False,False,42
no_action_latency,nominal,none,,19,41.484981536865234,1000,0.06455926597118378,False,False,42
no_action_latency,nominal,none,,20,40.74668502807617,1000,0.05939074978232384,False,False,42
no_action_latency,nominal,none,,21,42.33496856689453,1000,0.0459861159324646,False,False,42
no_action_latency,nominal,none,,22,41.62906265258789,1000,0.05189409852027893,False,False,42
no_action_latency,nominal,none,,23,41.893898010253906,1000,0.051749441772699356,False,False,42
no_action_latency,nominal,none,,24,38.64139175415039,1000,0.06970536708831787,False,False,42
no_action_latency,nominal,none,,25,42.241050720214844,1000,0.038414787501096725,False,False,42
no_action_latency,nominal,none,,26,42.49491500854492,1000,0.04226720333099365,False,False,42
no_action_latency,nominal,none,,27,41.03913497924805,1000,0.056258343160152435,False,False,42
no_action_latency,nominal,none,,28,40.59123229980469,1000,0.05877532437443733,False,False,42
no_action_latency,nominal,none,,29,41.60926818847656,1000,0.052662193775177,False,False,42
baseline_full_dr,friction,moderate,0.36,0,42.3252067565918,1000,0.06206509470939636,False,False,42
baseline_full_dr,friction,moderate,0.36,1,39.53274917602539,1000,0.12352465838193893,False,False,42
baseline_full_dr,friction,moderate,0.36,2,41.219337463378906,1000,0.08338074386119843,False,False,42
baseline_full_dr,friction,moderate,0.36,3,41.94754409790039,1000,0.06208870932459831,False,False,42
baseline_full_dr,friction,moderate,0.36,4,41.14994430541992,1000,0.08265682309865952,False,False,42
baseline_full_dr,friction,moderate,0.36,5,39.931663513183594,1000,0.1027570515871048,False,False,42
baseline_full_dr,friction,moderate,0.36,6,39.39930725097656,1000,0.08895932137966156,False,False,42
baseline_full_dr,friction,moderate,0.36,7,40.2225341796875,1000,0.10499861091375351,False,False,42
baseline_full_dr,friction,moderate,0.36,8,41.19377136230469,1000,0.07733813673257828,False,False,42
baseline_full_dr,friction,moderate,0.36,9,38.89573669433594,1000,0.10081075876951218,False,False,42
baseline_full_dr,friction,moderate,0.36,10,42.21971130371094,1000,0.06362953782081604,False,False,42
baseline_full_dr,friction,moderate,0.36,11,38.55258560180664,1000,0.10211002826690674,False,False,42
baseline_full_dr,friction,moderate,0.36,12,38.77867889404297,1000,0.12878824770450592,False,False,42
baseline_full_dr,friction,moderate,0.36,13,40.0111198425293,1000,0.1153934895992279,False,False,42
baseline_full_dr,friction,moderate,0.36,14,39.826698303222656,1000,0.0979958325624466,False,False,42
baseline_full_dr,friction,moderate,0.36,15,35.965240478515625,1000,0.17934399843215942,False,False,42
baseline_full_dr,friction,moderate,0.36,16,36.68519592285156,1000,0.17473717033863068,False,False,42
baseline_full_dr,friction,moderate,0.36,17,41.88294219970703,1000,0.06773683428764343,False,False,42
baseline_full_dr,friction,moderate,0.36,18,39.12615203857422,1000,0.12133806198835373,False,False,42
baseline_full_dr,friction,moderate,0.36,19,40.49520492553711,1000,0.10018251836299896,False,False,42
baseline_full_dr,friction,moderate,0.36,20,38.495304107666016,1000,0.13566043972969055,False,False,42
baseline_full_dr,friction,moderate,0.36,21,42.699100494384766,1000,0.05299028754234314,False,False,42
baseline_full_dr,friction,moderate,0.36,22,41.01655578613281,1000,0.06537795066833496,False,False,42
baseline_full_dr,friction,moderate,0.36,23,41.32498550415039,1000,0.07054783403873444,False,False,42
baseline_full_dr,friction,moderate,0.36,24,42.159847259521484,1000,0.05222110450267792,False,False,42
baseline_full_dr,friction,moderate,0.36,25,41.786781311035156,1000,0.08008462935686111,False,False,42
baseline_full_dr,friction,moderate,0.36,26,42.87517166137695,1000,0.052916787564754486,False,False,42
baseline_full_dr,friction,moderate,0.36,27,39.76041793823242,1000,0.1033492237329483,False,False,42
baseline_full_dr,friction,moderate,0.36,28,39.138389587402344,1000,0.11035370826721191,False,False,42
baseline_full_dr,friction,moderate,0.36,29,41.20572280883789,1000,0.08424624055624008,False,False,42
no_friction,friction,moderate,0.36,0,41.44866180419922,1000,0.0634608119726181,False,False,42
no_friction,friction,moderate,0.36,1,37.77402114868164,1000,0.12373468279838562,False,False,42
no_friction,friction,moderate,0.36,2,39.97455596923828,1000,0.10892260819673538,False,False,42
no_friction,friction,moderate,0.36,3,40.617576599121094,1000,0.06685895472764969,False,False,42
no_friction,friction,moderate,0.36,4,38.73141098022461,1000,0.11649460345506668,False,False,42
no_friction,friction,moderate,0.36,5,37.521400451660156,1000,0.12299492210149765,False,False,42
no_friction,friction,moderate,0.36,6,38.16629409790039,1000,0.13862773776054382,False,False,42
no_friction,friction,moderate,0.36,7,37.78428268432617,1000,0.14755646884441376,False,False,42
no_friction,friction,moderate,0.36,8,39.95182800292969,1000,0.09541644155979156,False,False,42
no_friction,friction,moderate,0.36,9,37.02791213989258,1000,0.12262217700481415,False,False,42
no_friction,friction,moderate,0.36,10,41.147457122802734,1000,0.07672091573476791,False,False,42
no_friction,friction,moderate,0.36,11,37.08339309692383,1000,0.13976165652275085,False,False,42
no_friction,friction,moderate,0.36,12,37.404903411865234,1000,0.13733699917793274,False,False,42
no_friction,friction,moderate,0.36,13,38.958160400390625,1000,0.11449915170669556,False,False,42
no_friction,friction,moderate,0.36,14,37.91447830200195,1000,0.14581485092639923,False,False,42
no_friction,friction,moderate,0.36,15,34.690547943115234,1000,0.21290968358516693,False,False,42
no_friction,friction,moderate,0.36,16,35.3239631652832,1000,0.17868299782276154,False,False,42
no_friction,friction,moderate,0.36,17,40.644737243652344,1000,0.07790467888116837,False,False,42
no_friction,friction,moderate,0.36,18,37.286502838134766,1000,0.16374371945858002,False,False,42
no_friction,friction,moderate,0.36,19,39.84086227416992,1000,0.08957702666521072,False,False,42
no_friction,friction,moderate,0.36,20,36.895164489746094,1000,0.16604425013065338,False,False,42
no_friction,friction,moderate,0.36,21,41.73290252685547,1000,0.041996151208877563,False,False,42
no_friction,friction,moderate,0.36,22,39.329437255859375,1000,0.10040473192930222,False,False,42
no_friction,friction,moderate,0.36,23,39.92789840698242,1000,0.09591108560562134,False,False,42
no_friction,friction,moderate,0.36,24,38.8560676574707,1000,0.07992943376302719,False,False,42
no_friction,friction,moderate,0.36,25,40.763877868652344,1000,0.08885186910629272,False,False,42
no_friction,friction,moderate,0.36,26,41.44853210449219,1000,0.07046341150999069,False,False,42
no_friction,friction,moderate,0.36,27,38.11508560180664,1000,0.14855413138866425,False,False,42
no_friction,friction,moderate,0.36,28,35.94502258300781,1000,0.16526159644126892,False,False,42
no_friction,friction,moderate,0.36,29,39.430870056152344,1000,0.11438710987567902,False,False,42
no_mass,friction,moderate,0.36,0,42.56920623779297,1000,0.045226242393255234,False,False,42
no_mass,friction,moderate,0.36,1,40.402462005615234,1000,0.09570621699094772,False,False,42
no_mass,friction,moderate,0.36,2,41.65410232543945,1000,0.07083643972873688,False,False,42
no_mass,friction,moderate,0.36,3,42.11765670776367,1000,0.07061071693897247,False,False,42
no_mass,friction,moderate,0.36,4,40.53740310668945,1000,0.09790891408920288,False,False,42
no_mass,friction,moderate,0.36,5,38.208683013916016,1000,0.13768912851810455,False,False,42
no_mass,friction,moderate,0.36,6,40.17329788208008,1000,0.09597419202327728,False,False,42
no_mass,friction,moderate,0.36,7,38.268272399902344,1000,0.14080870151519775,False,False,42
no_mass,friction,moderate,0.36,8,41.39902114868164,1000,0.0982685461640358,False,False,42
no_mass,friction,moderate,0.36,9,37.85478973388672,1000,0.1285797655582428,False,False,42
no_mass,friction,moderate,0.36,10,41.785179138183594,1000,0.07957537472248077,False,False,42
no_mass,friction,moderate,0.36,11,37.60641860961914,1000,0.13666929304599762,False,False,42
no_mass,friction,moderate,0.36,12,38.029537200927734,1000,0.13655591011047363,False,False,42
no_mass,friction,moderate,0.36,13,39.654075622558594,1000,0.11009778082370758,False,False,42
no_mass,friction,moderate,0.36,14,39.947593688964844,1000,0.10109076648950577,False,False,42
no_mass,friction,moderate,0.36,15,36.30238342285156,1000,0.16102436184883118,False,False,42
no_mass,friction,moderate,0.36,16,35.78911209106445,1000,0.20040760934352875,False,False,42
no_mass,friction,moderate,0.36,17,42.34728240966797,1000,0.07184836268424988,False,False,42
no_mass,friction,moderate,0.36,18,39.6106071472168,1000,0.11091110110282898,False,False,42
no_mass,friction,moderate,0.36,19,40.47267150878906,1000,0.1013752892613411,False,False,42
no_mass,friction,moderate,0.36,20,38.78654479980469,1000,0.1362769603729248,False,False,42
no_mass,friction,moderate,0.36,21,42.85078430175781,1000,0.05023493990302086,False,False,42
no_mass,friction,moderate,0.36,22,40.01052474975586,1000,0.10476818680763245,False,False,42
no_mass,friction,moderate,0.36,23,40.02375411987305,1000,0.09589333087205887,False,False,42
no_mass,friction,moderate,0.36,24,42.472259521484375,1000,0.054411549121141434,False,False,42
no_mass,friction,moderate,0.36,25,41.65464782714844,1000,0.07451880723237991,False,False,42
no_mass,friction,moderate,0.36,26,42.50033950805664,1000,0.05837856978178024,False,False,42
no_mass,friction,moderate,0.36,27,39.300716400146484,1000,0.13450010120868683,False,False,42
no_mass,friction,moderate,0.36,28,37.886802673339844,1000,0.13673876225948334,False,False,42
no_mass,friction,moderate,0.36,29,41.16399383544922,1000,0.07592732459306717,False,False,42
no_motor_strength,friction,moderate,0.36,0,42.59861755371094,1000,0.0401628203690052,False,False,42
no_motor_strength,friction,moderate,0.36,1,39.84032440185547,1000,0.107498399913311,False,False,42
no_motor_strength,friction,moderate,0.36,2,41.024261474609375,1000,0.09165431559085846,False,False,42
no_motor_strength,friction,moderate,0.36,3,41.73174285888672,1000,0.07516570389270782,False,False,42
no_motor_strength,friction,moderate,0.36,4,40.50400161743164,1000,0.09610828757286072,False,False,42
no_motor_strength,friction,moderate,0.36,5,38.85846710205078,1000,0.12106160074472427,False,False,42
no_motor_strength,friction,moderate,0.36,6,39.28227615356445,1000,0.11311161518096924,False,False,42
no_motor_strength,friction,moderate,0.36,7,37.20977783203125,1000,0.15742449462413788,False,False,42
no_motor_strength,friction,moderate,0.36,8,40.75422286987305,1000,0.10356548428535461,False,False,42
no_motor_strength,friction,moderate,0.36,9,38.48826599121094,1000,0.1262645572423935,False,False,42
no_motor_strength,friction,moderate,0.36,10,40.9482421875,1000,0.09729520231485367,False,False,42
no_motor_strength,friction,moderate,0.36,11,38.525726318359375,1000,0.11605823785066605,False,False,42
no_motor_strength,friction,moderate,0.36,12,38.701175689697266,1000,0.1388052999973297,False,False,42
no_motor_strength,friction,moderate,0.36,13,39.77153778076172,1000,0.11617014557123184,False,False,42
no_motor_strength,friction,moderate,0.36,14,38.88872528076172,1000,0.13241852819919586,False,False,42
no_motor_strength,friction,moderate,0.36,15,34.87812042236328,1000,0.21543315052986145,False,False,42
no_motor_strength,friction,moderate,0.36,16,35.25700759887695,1000,0.2217555046081543,False,False,42
no_motor_strength,friction,moderate,0.36,17,41.57564163208008,1000,0.08244793117046356,False,False,42
no_motor_strength,friction,moderate,0.36,18,39.098575592041016,1000,0.12293089926242828,False,False,42
no_motor_strength,friction,moderate,0.36,19,40.766136169433594,1000,0.08344276994466782,False,False,42
no_motor_strength,friction,moderate,0.36,20,37.44610595703125,1000,0.14359809458255768,False,False,42
no_motor_strength,friction,moderate,0.36,21,42.58517837524414,1000,0.0548800528049469,False,False,42
no_motor_strength,friction,moderate,0.36,22,40.497528076171875,1000,0.0963253453373909,False,False,42
no_motor_strength,friction,moderate,0.36,23,41.02116775512695,1000,0.07920929789543152,False,False,42
no_motor_strength,friction,moderate,0.36,24,41.271663665771484,1000,0.08043143898248672,False,False,42
no_motor_strength,friction,moderate,0.36,25,40.98390579223633,1000,0.09077759087085724,False,False,42
no_motor_strength,friction,moderate,0.36,26,41.880836486816406,1000,0.07823831588029861,False,False,42
no_motor_strength,friction,moderate,0.36,27,38.93061065673828,1000,0.14092613756656647,False,False,42
no_motor_strength,friction,moderate,0.36,28,37.75356674194336,1000,0.15004116296768188,False,False,42
no_motor_strength,friction,moderate,0.36,29,41.00349807739258,1000,0.07394921034574509,False,False,42
no_sensor_noise,friction,moderate,0.36,0,42.54718780517578,1000,0.06662320345640182,False,False,42
no_sensor_noise,friction,moderate,0.36,1,40.66352081298828,1000,0.09135004878044128,False,False,42
no_sensor_noise,friction,moderate,0.36,2,41.09858322143555,1000,0.07419730722904205,False,False,42
no_sensor_noise,friction,moderate,0.36,3,41.581809997558594,1000,0.062481630593538284,False,False,42
no_sensor_noise,friction,moderate,0.36,4,40.68752670288086,1000,0.10776916146278381,False,False,42
no_sensor_noise,friction,moderate,0.36,5,39.41642761230469,1000,0.1080809012055397,False,False,42
no_sensor_noise,friction,moderate,0.36,6,39.28951644897461,1000,0.08087138831615448,False,False,42
no_sensor_noise,friction,moderate,0.36,7,38.703330993652344,1000,0.12769156694412231,False,False,42
no_sensor_noise,friction,moderate,0.36,8,40.95489501953125,1000,0.07127149403095245,False,False,42
no_sensor_noise,friction,moderate,0.36,9,37.974979400634766,1000,0.13079190254211426,False,False,42
no_sensor_noise,friction,moderate,0.36,10,41.890316009521484,1000,0.07945410162210464,False,False,42
no_sensor_noise,friction,moderate,0.36,11,37.53989791870117,1000,0.13914699852466583,False,False,42
no_sensor_noise,friction,moderate,0.36,12,38.179195404052734,1000,0.15931910276412964,False,False,42
no_sensor_noise,friction,moderate,0.36,13,40.808692932128906,1000,0.0989597961306572,False,False,42
no_sensor_noise,friction,moderate,0.36,14,39.13304138183594,1000,0.0820288136601448,False,False,42
no_sensor_noise,friction,moderate,0.36,15,35.18299102783203,1000,0.17576929926872253,False,False,42
no_sensor_noise,friction,moderate,0.36,16,37.49617004394531,1000,0.1510085016489029,False,False,42
no_sensor_noise,friction,moderate,0.36,17,41.93151092529297,1000,0.06922796368598938,False,False,42
no_sensor_noise,friction,moderate,0.36,18,39.07562255859375,1000,0.11080814898014069,False,False,42
no_sensor_noise,friction,moderate,0.36,19,41.47031021118164,1000,0.07009940594434738,False,False,42
no_sensor_noise,friction,moderate,0.36,20,37.902217864990234,1000,0.15726062655448914,False,False,42
no_sensor_noise,friction,moderate,0.36,21,42.587127685546875,1000,0.03935983404517174,False,False,42
no_sensor_noise,friction,moderate,0.36,22,40.36134338378906,1000,0.08924983441829681,False,False,42
no_sensor_noise,friction,moderate,0.36,23,41.31471252441406,1000,0.0851302370429039,False,False,42
no_sensor_noise,friction,moderate,0.36,24,41.99949645996094,1000,0.06598074734210968,False,False,42
no_sensor_noise,friction,moderate,0.36,25,41.538700103759766,1000,0.08438902348279953,False,False,42
no_sensor_noise,friction,moderate,0.36,26,42.635108947753906,1000,0.059433743357658386,False,False,42
no_sensor_noise,friction,moderate,0.36,27,39.38987350463867,1000,0.10852175205945969,False,False,42
no_sensor_noise,friction,moderate,0.36,28,37.906368255615234,1000,0.13532330095767975,False,False,42
no_sensor_noise,friction,moderate,0.36,29,41.024208068847656,1000,0.08018361032009125,False,False,42
no_action_latency,friction,moderate,0.36,0,42.37748718261719,1000,0.06153712421655655,False,False,42
no_action_latency,friction,moderate,0.36,1,40.237632751464844,1000,0.08453017473220825,False,False,42
no_action_latency,friction,moderate,0.36,2,42.0956916809082,1000,0.05247415229678154,False,False,42
no_action_latency,friction,moderate,0.36,3,41.8594856262207,1000,0.05656368285417557,False,False,42
no_action_latency,friction,moderate,0.36,4,40.48909378051758,1000,0.08805883675813675,False,False,42
no_action_latency,friction,moderate,0.36,5,36.711544036865234,1000,0.11436906456947327,False,False,42
no_action_latency,friction,moderate,0.36,6,40.993412017822266,1000,0.06768998503684998,False,False,42
no_action_latency,friction,moderate,0.36,7,39.917789459228516,1000,0.09980989247560501,False,False,42
no_action_latency,friction,moderate,0.36,8,41.778282165527344,1000,0.05984063073992729,False,False,42
no_action_latency,friction,moderate,0.36,9,39.399925231933594,1000,0.10503856092691422,False,False,42
no_action_latency,friction,moderate,0.36,10,42.087242126464844,1000,0.050621360540390015,False,False,42
no_action_latency,friction,moderate,0.36,11,40.04959487915039,1000,0.09643769264221191,False,False,42
no_action_latency,friction,moderate,0.36,12,39.88427734375,1000,0.11118971556425095,False,False,42
no_action_latency,friction,moderate,0.36,13,40.121891021728516,1000,0.07798631489276886,False,False,42
no_action_latency,friction,moderate,0.36,14,40.970157623291016,1000,0.0685356855392456,False,False,42
no_action_latency,friction,moderate,0.36,15,37.40786361694336,1000,0.13316737115383148,False,False,42
no_action_latency,friction,moderate,0.36,16,37.97040557861328,1000,0.1492631733417511,False,False,42
no_action_latency,friction,moderate,0.36,17,42.274208068847656,1000,0.05788744240999222,False,False,42
no_action_latency,friction,moderate,0.36,18,40.271114349365234,1000,0.09459085762500763,False,False,42
no_action_latency,friction,moderate,0.36,19,40.82416534423828,1000,0.07375385612249374,False,False,42
no_action_latency,friction,moderate,0.36,20,39.12705612182617,1000,0.12149833887815475,False,False,42
no_action_latency,friction,moderate,0.36,21,42.10381317138672,1000,0.056952182203531265,False,False,42
no_action_latency,friction,moderate,0.36,22,40.50596618652344,1000,0.06253845244646072,False,False,42
no_action_latency,friction,moderate,0.36,23,40.876243591308594,1000,0.07431382685899734,False,False,42
no_action_latency,friction,moderate,0.36,24,39.56068801879883,1000,0.06428779661655426,False,False,42
no_action_latency,friction,moderate,0.36,25,41.889122009277344,1000,0.05603373050689697,False,False,42
no_action_latency,friction,moderate,0.36,26,42.609127044677734,1000,0.035684894770383835,False,False,42
no_action_latency,friction,moderate,0.36,27,40.46112823486328,1000,0.08897721022367477,False,False,42
no_action_latency,friction,moderate,0.36,28,39.63836669921875,1000,0.08256398141384125,False,False,42
no_action_latency,friction,moderate,0.36,29,41.7634162902832,1000,0.06234559416770935,False,False,42
baseline_full_dr,friction,hard,0.2,0,41.129032135009766,1000,0.08450866490602493,False,False,42
baseline_full_dr,friction,hard,0.2,1,37.58930587768555,1000,0.14109265804290771,False,False,42
baseline_full_dr,friction,hard,0.2,2,40.83387756347656,1000,0.07820950448513031,False,False,42
baseline_full_dr,friction,hard,0.2,3,41.388954162597656,1000,0.059300124645233154,False,False,42
baseline_full_dr,friction,hard,0.2,4,38.6518669128418,1000,0.131802037358284,False,False,42
baseline_full_dr,friction,hard,0.2,5,37.486759185791016,1000,0.14266763627529144,False,False,42
baseline_full_dr,friction,hard,0.2,6,38.797794342041016,1000,0.09244637936353683,False,False,42
baseline_full_dr,friction,hard,0.2,7,6.895346641540527,1000,0.47973179817199707,False,False,42
baseline_full_dr,friction,hard,0.2,8,40.803157806396484,1000,0.06481274217367172,False,False,42
baseline_full_dr,friction,hard,0.2,9,36.454471588134766,1000,0.14796613156795502,False,False,42
baseline_full_dr,friction,hard,0.2,10,41.27824020385742,1000,0.06631448864936829,False,False,42
baseline_full_dr,friction,hard,0.2,11,36.89216232299805,1000,0.12719927728176117,False,False,42
baseline_full_dr,friction,hard,0.2,12,36.48126983642578,1000,0.165399432182312,False,False,42
baseline_full_dr,friction,hard,0.2,13,36.725547790527344,1000,0.16349466145038605,False,False,42
baseline_full_dr,friction,hard,0.2,14,38.063812255859375,1000,0.12550093233585358,False,False,42
baseline_full_dr,friction,hard,0.2,15,31.767486572265625,1000,0.2554934322834015,False,False,42
baseline_full_dr,friction,hard,0.2,16,31.20610809326172,1000,0.26736214756965637,False,False,42
baseline_full_dr,friction,hard,0.2,17,41.29880142211914,1000,0.0777556374669075,False,False,42
baseline_full_dr,friction,hard,0.2,18,37.17721176147461,1000,0.16399900615215302,False,False,42
baseline_full_dr,friction,hard,0.2,19,39.115779876708984,1000,0.10547589510679245,False,False,42
baseline_full_dr,friction,hard,0.2,20,34.840232849121094,1000,0.21984563767910004,False,False,42
baseline_full_dr,friction,hard,0.2,21,42.5507926940918,1000,0.05229414999485016,False,False,42
baseline_full_dr,friction,hard,0.2,22,39.110076904296875,1000,0.09729348123073578,False,False,42
baseline_full_dr,friction,hard,0.2,23,14.589825630187988,1000,0.27369147539138794,False,False,42
baseline_full_dr,friction,hard,0.2,24,41.88492965698242,1000,0.05456467345356941,False,False,42
baseline_full_dr,friction,hard,0.2,25,40.73589324951172,1000,0.09265948086977005,False,False,42
baseline_full_dr,friction,hard,0.2,26,42.66506576538086,1000,0.05654995143413544,False,False,42
baseline_full_dr,friction,hard,0.2,27,37.651954650878906,1000,0.148081973195076,False,False,42
baseline_full_dr,friction,hard,0.2,28,35.14102554321289,1000,0.17189067602157593,False,False,42
baseline_full_dr,friction,hard,0.2,29,39.821327209472656,1000,0.10069981217384338,False,False,42
no_friction,friction,hard,0.2,0,35.84779739379883,1000,0.15560850501060486,False,False,42
no_friction,friction,hard,0.2,1,34.35093688964844,1000,0.16666428744792938,False,False,42
no_friction,friction,hard,0.2,2,39.22563934326172,1000,0.11762779951095581,False,False,42
no_friction,friction,hard,0.2,3,37.89434051513672,1000,0.08065767586231232,False,False,42
no_friction,friction,hard,0.2,4,26.434188842773438,1000,0.3085572421550751,False,False,42
no_friction,friction,hard,0.2,5,30.571523666381836,1000,0.21197281777858734,False,False,42
no_friction,friction,hard,0.2,6,37.798370361328125,1000,0.13192152976989746,False,False,42
no_friction,friction,hard,0.2,7,32.72833251953125,1000,0.22790326178073883,False,False,42
no_friction,friction,hard,0.2,8,39.86383819580078,1000,0.0882996916770935,False,False,42
no_friction,friction,hard,0.2,9,32.12037658691406,1000,0.20166678726673126,False,False,42
no_friction,friction,hard,0.2,10,39.14895248413086,1000,0.09625790268182755,False,False,42
no_friction,friction,hard,0.2,11,34.14436340332031,1000,0.17871218919754028,False,False,42
no_friction,friction,hard,0.2,12,33.900535583496094,1000,0.20603075623512268,False,False,42
no_friction,friction,hard,0.2,13,33.48802947998047,1000,0.21726880967617035,False,False,42
no_friction,friction,hard,0.2,14,35.87701416015625,1000,0.16775736212730408,False,False,42
no_friction,friction,hard,0.2,15,29.146120071411133,1000,0.30339011549949646,False,False,42
no_friction,friction,hard,0.2,16,30.41963005065918,1000,0.28004685044288635,False,False,42
no_friction,friction,hard,0.2,17,39.946327209472656,1000,0.09235343337059021,False,False,42
no_friction,friction,hard,0.2,18,33.71405029296875,1000,0.21517930924892426,False,False,42
no_friction,friction,hard,0.2,19,35.70911407470703,1000,0.12973757088184357,False,False,42
no_friction,friction,hard,0.2,20,29.908227920532227,1000,0.28306999802589417,False,False,42
no_friction,friction,hard,0.2,21,39.88710403442383,1000,0.06298953294754028,False,False,42
no_friction,friction,hard,0.2,22,32.73672866821289,1000,0.16831564903259277,False,False,42
no_friction,friction,hard,0.2,23,31.465906143188477,1000,0.216892272233963,False,False,42
no_friction,friction,hard,0.2,24,40.62474822998047,1000,0.08433631807565689,False,False,42
no_friction,friction,hard,0.2,25,39.258872985839844,1000,0.11140228807926178,False,False,42
no_friction,friction,hard,0.2,26,40.23874282836914,1000,0.08935592323541641,False,False,42
no_friction,friction,hard,0.2,27,34.75507354736328,1000,0.20353122055530548,False,False,42
no_friction,friction,hard,0.2,28,31.39178466796875,1000,0.2350115329027176,False,False,42
no_friction,friction,hard,0.2,29,38.235557556152344,1000,0.1379624456167221,False,False,42
no_mass,friction,hard,0.2,0,41.18759536743164,1000,0.08419837057590485,False,False,42
no_mass,friction,hard,0.2,1,37.76409149169922,1000,0.15697550773620605,False,False,42
no_mass,friction,hard,0.2,2,41.01533126831055,1000,0.08452022075653076,False,False,42
no_mass,friction,hard,0.2,3,41.44508361816406,1000,0.08339609950780869,False,False,42
no_mass,friction,hard,0.2,4,25.410762786865234,1000,0.3373012840747833,False,False,42
no_mass,friction,hard,0.2,5,35.59095764160156,1000,0.18608134984970093,False,False,42
no_mass,friction,hard,0.2,6,37.3880615234375,1000,0.12290128320455551,False,False,42
no_mass,friction,hard,0.2,7,34.17762756347656,1000,0.20302101969718933,False,False,42
no_mass,friction,hard,0.2,8,40.567710876464844,1000,0.11597239971160889,False,False,42
no_mass,friction,hard,0.2,9,35.44461441040039,1000,0.18145021796226501,False,False,42
no_mass,friction,hard,0.2,10,39.80345916748047,1000,0.12183377146720886,False,False,42
no_mass,friction,hard,0.2,11,36.00193405151367,1000,0.16066589951515198,False,False,42
no_mass,friction,hard,0.2,12,35.301395416259766,1000,0.19170796871185303,False,False,42
no_mass,friction,hard,0.2,13,35.720882415771484,1000,0.20564091205596924,False,False,42
no_mass,friction,hard,0.2,14,37.956298828125,1000,0.13494916260242462,False,False,42
no_mass,friction,hard,0.2,15,32.44142150878906,1000,0.2512686252593994,False,False,42
no_mass,friction,hard,0.2,16,32.799400329589844,1000,0.2797834277153015,False,False,42
no_mass,friction,hard,0.2,17,41.298484802246094,1000,0.09077244997024536,False,False,42
no_mass,friction,hard,0.2,18,34.59252166748047,1000,0.1885383427143097,False,False,42
no_mass,friction,hard,0.2,19,39.92441940307617,1000,0.10607453435659409,False,False,42
no_mass,friction,hard,0.2,20,34.333839416503906,1000,0.23878301680088043,False,False,42
no_mass,friction,hard,0.2,21,42.70041275024414,1000,0.05583500117063522,False,False,42
no_mass,friction,hard,0.2,22,37.43415069580078,1000,0.14806967973709106,False,False,42
no_mass,friction,hard,0.2,23,32.18642044067383,1000,0.2130204737186432,False,False,42
no_mass,friction,hard,0.2,24,42.12897491455078,1000,0.06310015916824341,False,False,42
no_mass,friction,hard,0.2,25,39.99573516845703,1000,0.1143156886100769,False,False,42
no_mass,friction,hard,0.2,26,42.32765197753906,1000,0.0629604235291481,False,False,42
no_mass,friction,hard,0.2,27,36.441287994384766,1000,0.2002294808626175,False,False,42
no_mass,friction,hard,0.2,28,33.931785583496094,1000,0.2130490094423294,False,False,42
no_mass,friction,hard,0.2,29,40.068511962890625,1000,0.0993150919675827,False,False,42
no_motor_strength,friction,hard,0.2,0,38.0847282409668,1000,0.1318480670452118,False,False,42
no_motor_strength,friction,hard,0.2,1,35.11858367919922,1000,0.20837095379829407,False,False,42
no_motor_strength,friction,hard,0.2,2,38.71387481689453,1000,0.10075946897268295,False,False,42
no_motor_strength,friction,hard,0.2,3,41.1592903137207,1000,0.07275623828172684,False,False,42
no_motor_strength,friction,hard,0.2,4,34.568721771240234,1000,0.18456107378005981,False,False,42
no_motor_strength,friction,hard,0.2,5,36.197364807128906,1000,0.17117249965667725,False,False,42
no_motor_strength,friction,hard,0.2,6,37.9035758972168,1000,0.14805561304092407,False,False,42
no_motor_strength,friction,hard,0.2,7,29.882118225097656,1000,0.2148531675338745,False,False,42
no_motor_strength,friction,hard,0.2,8,38.005218505859375,1000,0.14691467583179474,False,False,42
no_motor_strength,friction,hard,0.2,9,31.195804595947266,1000,0.27784085273742676,False,False,42
no_motor_strength,friction,hard,0.2,10,35.94324493408203,1000,0.17546942830085754,False,False,42
no_motor_strength,friction,hard,0.2,11,37.6778450012207,1000,0.12418722361326218,False,False,42
no_motor_strength,friction,hard,0.2,12,34.519229888916016,1000,0.20628848671913147,False,False,42
no_motor_strength,friction,hard,0.2,13,39.78705978393555,1000,0.11972159892320633,False,False,42
no_motor_strength,friction,hard,0.2,14,39.734161376953125,1000,0.12212949991226196,False,False,42
no_motor_strength,friction,hard,0.2,15,30.347715377807617,1000,0.3205343186855316,False,False,42
no_motor_strength,friction,hard,0.2,16,39.24207305908203,1000,0.11003574728965759,False,False,42
no_motor_strength,friction,hard,0.2,17,36.99139404296875,1000,0.15258918702602386,False,False,42
no_motor_strength,friction,hard,0.2,18,34.74506759643555,1000,0.23806214332580566,False,False,42
no_motor_strength,friction,hard,0.2,19,37.45159149169922,1000,0.1506849080324173,False,False,42
no_motor_strength,friction,hard,0.2,20,-2.468636989593506,59,0.867737352848053,True,False,42
no_motor_strength,friction,hard,0.2,21,41.96234130859375,1000,0.07284633070230484,False,False,42
no_motor_strength,friction,hard,0.2,22,36.60811996459961,1000,0.1623966246843338,False,False,42
no_motor_strength,friction,hard,0.2,23,37.1603889465332,1000,0.1697676181793213,False,False,42
no_motor_strength,friction,hard,0.2,24,38.60700225830078,1000,0.12376875430345535,False,False,42
no_motor_strength,friction,hard,0.2,25,39.78665542602539,1000,0.10307120531797409,False,False,42
no_motor_strength,friction,hard,0.2,26,38.40911102294922,1000,0.13251006603240967,False,False,42
no_motor_strength,friction,hard,0.2,27,35.733421325683594,1000,0.17644423246383667,False,False,42
no_motor_strength,friction,hard,0.2,28,34.51465606689453,1000,0.18351173400878906,False,False,42
no_motor_strength,friction,hard,0.2,29,40.10014343261719,1000,0.09210243076086044,False,False,42
no_sensor_noise,friction,hard,0.2,0,41.73268508911133,1000,0.081175796687603,False,False,42
no_sensor_noise,friction,hard,0.2,1,38.23381042480469,1000,0.13114093244075775,False,False,42
no_sensor_noise,friction,hard,0.2,2,40.52232360839844,1000,0.08993910253047943,False,False,42
no_sensor_noise,friction,hard,0.2,3,41.40947341918945,1000,0.06433338671922684,False,False,42
no_sensor_noise,friction,hard,0.2,4,37.594635009765625,1000,0.16297215223312378,False,False,42
no_sensor_noise,friction,hard,0.2,5,38.00218200683594,1000,0.13843941688537598,False,False,42
no_sensor_noise,friction,hard,0.2,6,38.94200897216797,1000,0.08445560187101364,False,False,42
no_sensor_noise,friction,hard,0.2,7,35.98985290527344,1000,0.17858682572841644,False,False,42
no_sensor_noise,friction,hard,0.2,8,40.748077392578125,1000,0.07028033584356308,False,False,42
no_sensor_noise,friction,hard,0.2,9,35.435176849365234,1000,0.18338732421398163,False,False,42
no_sensor_noise,friction,hard,0.2,10,40.210052490234375,1000,0.11184079200029373,False,False,42
no_sensor_noise,friction,hard,0.2,11,36.11634826660156,1000,0.15632741153240204,False,False,42
no_sensor_noise,friction,hard,0.2,12,36.21744155883789,1000,0.2044701874256134,False,False,42
no_sensor_noise,friction,hard,0.2,13,18.432645797729492,546,0.15040920674800873,True,False,42
no_sensor_noise,friction,hard,0.2,14,37.733821868896484,1000,0.10881728678941727,False,False,42
no_sensor_noise,friction,hard,0.2,15,31.219942092895508,1000,0.25225380063056946,False,False,42
no_sensor_noise,friction,hard,0.2,16,34.107749938964844,1000,0.22557060420513153,False,False,42
no_sensor_noise,friction,hard,0.2,17,39.450069427490234,1000,0.09840340912342072,False,False,42
no_sensor_noise,friction,hard,0.2,18,37.149993896484375,1000,0.15143513679504395,False,False,42
no_sensor_noise,friction,hard,0.2,19,40.44692611694336,1000,0.07515294849872589,False,False,42
no_sensor_noise,friction,hard,0.2,20,36.03925704956055,1000,0.1971295326948166,False,False,42
no_sensor_noise,friction,hard,0.2,21,42.48775863647461,1000,0.042604755610227585,False,False,42
no_sensor_noise,friction,hard,0.2,22,38.86335372924805,1000,0.11948934942483902,False,False,42
no_sensor_noise,friction,hard,0.2,23,38.39273452758789,1000,0.13638272881507874,False,False,42
no_sensor_noise,friction,hard,0.2,24,41.305965423583984,1000,0.07257696241140366,False,False,42
no_sensor_noise,friction,hard,0.2,25,40.37300491333008,1000,0.10908307135105133,False,False,42
no_sensor_noise,friction,hard,0.2,26,41.563880920410156,1000,0.08845951408147812,False,False,42
no_sensor_noise,friction,hard,0.2,27,37.20893859863281,1000,0.15387621521949768,False,False,42
no_sensor_noise,friction,hard,0.2,28,36.02760314941406,1000,0.17153015732765198,False,False,42
no_sensor_noise,friction,hard,0.2,29,39.943668365478516,1000,0.08836289495229721,False,False,42
no_action_latency,friction,hard,0.2,0,40.8364143371582,1000,0.08780357986688614,False,False,42
no_action_latency,friction,hard,0.2,1,38.486873626708984,1000,0.10440756380558014,False,False,42
no_action_latency,friction,hard,0.2,2,40.92311096191406,1000,0.06190299987792969,False,False,42
no_action_latency,friction,hard,0.2,3,41.27304458618164,1000,0.05374439060688019,False,False,42
no_action_latency,friction,hard,0.2,4,36.42401123046875,1000,0.15869081020355225,False,False,42
no_action_latency,friction,hard,0.2,5,34.495052337646484,1000,0.14438222348690033,False,False,42
no_action_latency,friction,hard,0.2,6,39.75019836425781,1000,0.06646894663572311,False,False,42
no_action_latency,friction,hard,0.2,7,37.45658493041992,1000,0.1383458375930786,False,False,42
no_action_latency,friction,hard,0.2,8,40.98773956298828,1000,0.05579643324017525,False,False,42
no_action_latency,friction,hard,0.2,9,37.24188232421875,1000,0.13691504299640656,False,False,42
no_action_latency,friction,hard,0.2,10,40.596378326416016,1000,0.0704001784324646,False,False,42
no_action_latency,friction,hard,0.2,11,38.2867431640625,1000,0.11312131583690643,False,False,42
no_action_latency,friction,hard,0.2,12,37.589332580566406,1000,0.152207151055336,False,False,42
no_action_latency,friction,hard,0.2,13,18.29500961303711,573,0.16703101992607117,True,False,42
no_action_latency,friction,hard,0.2,14,39.075218200683594,1000,0.08625594526529312,False,False,42
no_action_latency,friction,hard,0.2,15,32.307891845703125,1000,0.2068392038345337,False,False,42
no_action_latency,friction,hard,0.2,16,34.111244201660156,1000,0.22282442450523376,False,False,42
no_action_latency,friction,hard,0.2,17,41.44118118286133,1000,0.07233560085296631,False,False,42
no_action_latency,friction,hard,0.2,18,37.775352478027344,1000,0.12831754982471466,False,False,42
no_action_latency,friction,hard,0.2,19,39.702239990234375,1000,0.08297724276781082,False,False,42
no_action_latency,friction,hard,0.2,20,35.59497833251953,1000,0.18155552446842194,False,False,42
no_action_latency,friction,hard,0.2,21,42.09725570678711,1000,0.052647531032562256,False,False,42
no_action_latency,friction,hard,0.2,22,34.8267936706543,1000,0.12669770419597626,False,False,42
no_action_latency,friction,hard,0.2,23,36.93626403808594,1000,0.14330217242240906,False,False,42
no_action_latency,friction,hard,0.2,24,41.43185806274414,1000,0.05762273818254471,False,False,42
no_action_latency,friction,hard,0.2,25,40.568241119384766,1000,0.0751638114452362,False,False,42
no_action_latency,friction,hard,0.2,26,42.3289909362793,1000,0.038546688854694366,False,False,42
no_action_latency,friction,hard,0.2,27,37.81611633300781,1000,0.13137614727020264,False,False,42
no_action_latency,friction,hard,0.2,28,36.9927864074707,1000,0.12137125432491302,False,False,42
no_action_latency,friction,hard,0.2,29,40.04303741455078,1000,0.08130094408988953,False,False,42
baseline_full_dr,mass,moderate,3.3,0,41.59180450439453,1000,0.046826764941215515,False,False,42
baseline_full_dr,mass,moderate,3.3,1,39.58763885498047,1000,0.06809581816196442,False,False,42
baseline_full_dr,mass,moderate,3.3,2,40.21706008911133,1000,0.059050969779491425,False,False,42
baseline_full_dr,mass,moderate,3.3,3,39.93729782104492,1000,0.069008968770504,False,False,42
baseline_full_dr,mass,moderate,3.3,4,40.65639877319336,1000,0.052906062453985214,False,False,42
baseline_full_dr,mass,moderate,3.3,5,39.46842575073242,1000,0.059006303548812866,False,False,42
baseline_full_dr,mass,moderate,3.3,6,38.65495681762695,1000,0.07114052772521973,False,False,42
baseline_full_dr,mass,moderate,3.3,7,39.447021484375,1000,0.07852974534034729,False,False,42
baseline_full_dr,mass,moderate,3.3,8,40.47539520263672,1000,0.060364510864019394,False,False,42
baseline_full_dr,mass,moderate,3.3,9,37.7967529296875,1000,0.08603893220424652,False,False,42
baseline_full_dr,mass,moderate,3.3,10,41.6280517578125,1000,0.0421086847782135,False,False,42
baseline_full_dr,mass,moderate,3.3,11,37.2030029296875,1000,0.0886412188410759,False,False,42
baseline_full_dr,mass,moderate,3.3,12,39.16952896118164,1000,0.059995103627443314,False,False,42
baseline_full_dr,mass,moderate,3.3,13,40.31719970703125,1000,0.07074101269245148,False,False,42
baseline_full_dr,mass,moderate,3.3,14,38.695919036865234,1000,0.07368896901607513,False,False,42
baseline_full_dr,mass,moderate,3.3,15,36.34138870239258,1000,0.12030032277107239,False,False,42
baseline_full_dr,mass,moderate,3.3,16,37.80693435668945,1000,0.08871997892856598,False,False,42
baseline_full_dr,mass,moderate,3.3,17,41.516136169433594,1000,0.06163660064339638,False,False,42
baseline_full_dr,mass,moderate,3.3,18,39.052574157714844,1000,0.07846258580684662,False,False,42
baseline_full_dr,mass,moderate,3.3,19,40.15827941894531,1000,0.07723543792963028,False,False,42
baseline_full_dr,mass,moderate,3.3,20,38.27702331542969,1000,0.0951371118426323,False,False,42
baseline_full_dr,mass,moderate,3.3,21,38.61627197265625,1000,0.08747696131467819,False,False,42
baseline_full_dr,mass,moderate,3.3,22,40.23379898071289,1000,0.05787082016468048,False,False,42
baseline_full_dr,mass,moderate,3.3,23,40.78664779663086,1000,0.06088356301188469,False,False,42
baseline_full_dr,mass,moderate,3.3,24,40.49386215209961,1000,0.06336349248886108,False,False,42
baseline_full_dr,mass,moderate,3.3,25,41.130821228027344,1000,0.06317337602376938,False,False,42
baseline_full_dr,mass,moderate,3.3,26,41.3458251953125,1000,0.07483987510204315,False,False,42
baseline_full_dr,mass,moderate,3.3,27,37.93756866455078,1000,0.09562491625547409,False,False,42
baseline_full_dr,mass,moderate,3.3,28,38.257728576660156,1000,0.08923441916704178,False,False,42
baseline_full_dr,mass,moderate,3.3,29,40.20136260986328,1000,0.060165513306856155,False,False,42
no_friction,mass,moderate,3.3,0,41.16703796386719,1000,0.04095840826630592,False,False,42
no_friction,mass,moderate,3.3,1,38.92625045776367,1000,0.06752213835716248,False,False,42
no_friction,mass,moderate,3.3,2,40.5631103515625,1000,0.052221283316612244,False,False,42
no_friction,mass,moderate,3.3,3,40.835147857666016,1000,0.048086054623126984,False,False,42
no_friction,mass,moderate,3.3,4,40.06086349487305,1000,0.05316874012351036,False,False,42
no_friction,mass,moderate,3.3,5,39.04151916503906,1000,0.07729624956846237,False,False,42
no_friction,mass,moderate,3.3,6,39.41493225097656,1000,0.04761682078242302,False,False,42
no_friction,mass,moderate,3.3,7,39.17280578613281,1000,0.06465844810009003,False,False,42
no_friction,mass,moderate,3.3,8,40.49305725097656,1000,0.04852617532014847,False,False,42
no_friction,mass,moderate,3.3,9,36.605648040771484,1000,0.11839589476585388,False,False,42
no_friction,mass,moderate,3.3,10,40.88416290283203,1000,0.040783658623695374,False,False,42
no_friction,mass,moderate,3.3,11,37.015201568603516,1000,0.09264717996120453,False,False,42
no_friction,mass,moderate,3.3,12,38.063289642333984,1000,0.07947040349245071,False,False,42
no_friction,mass,moderate,3.3,13,39.648677825927734,1000,0.06768983602523804,False,False,42
no_friction,mass,moderate,3.3,14,39.28271484375,1000,0.05074702575802803,False,False,42
no_friction,mass,moderate,3.3,15,36.925262451171875,1000,0.10586857795715332,False,False,42
no_friction,mass,moderate,3.3,16,36.4997444152832,1000,0.11901652812957764,False,False,42
no_friction,mass,moderate,3.3,17,41.306884765625,1000,0.05613737553358078,False,False,42
no_friction,mass,moderate,3.3,18,39.21467208862305,1000,0.06448928266763687,False,False,42
no_friction,mass,moderate,3.3,19,39.93354415893555,1000,0.07653114199638367,False,False,42
no_friction,mass,moderate,3.3,20,38.477149963378906,1000,0.07793400436639786,False,False,42
no_friction,mass,moderate,3.3,21,41.62443161010742,1000,0.03984159603714943,False,False,42
no_friction,mass,moderate,3.3,22,40.16056442260742,1000,0.054655976593494415,False,False,42
no_friction,mass,moderate,3.3,23,40.83244705200195,1000,0.04932105168700218,False,False,42
no_friction,mass,moderate,3.3,24,38.522857666015625,1000,0.07719633728265762,False,False,42
no_friction,mass,moderate,3.3,25,40.91988754272461,1000,0.05395074933767319,False,False,42
no_friction,mass,moderate,3.3,26,40.908878326416016,1000,0.0648258626461029,False,False,42
no_friction,mass,moderate,3.3,27,39.82561492919922,1000,0.057746268808841705,False,False,42
no_friction,mass,moderate,3.3,28,38.659385681152344,1000,0.0784548670053482,False,False,42
no_friction,mass,moderate,3.3,29,39.82188415527344,1000,0.0656619668006897,False,False,42
no_mass,mass,moderate,3.3,0,40.9943733215332,1000,0.07894515991210938,False,False,42
no_mass,mass,moderate,3.3,1,37.38071823120117,1000,0.16775453090667725,False,False,42
no_mass,mass,moderate,3.3,2,39.389686584472656,1000,0.12403716892004013,False,False,42
no_mass,mass,moderate,3.3,3,37.969947814941406,1000,0.15807868540287018,False,False,42
no_mass,mass,moderate,3.3,4,39.46598815917969,1000,0.1022813692688942,False,False,42
no_mass,mass,moderate,3.3,5,39.557594299316406,1000,0.06575405597686768,False,False,42
no_mass,mass,moderate,3.3,6,37.42069625854492,1000,0.14510813355445862,False,False,42
no_mass,mass,moderate,3.3,7,38.241825103759766,1000,0.11237452179193497,False,False,42
no_mass,mass,moderate,3.3,8,39.646236419677734,1000,0.12521091103553772,False,False,42
no_mass,mass,moderate,3.3,9,37.48207473754883,1000,0.10388689488172531,False,False,42
no_mass,mass,moderate,3.3,10,40.481319427490234,1000,0.07646545767784119,False,False,42
no_mass,mass,moderate,3.3,11,37.69732666015625,1000,0.09460487216711044,False,False,42
no_mass,mass,moderate,3.3,12,38.708213806152344,1000,0.0941581204533577,False,False,42
no_mass,mass,moderate,3.3,13,38.6434326171875,1000,0.11835681647062302,False,False,42
no_mass,mass,moderate,3.3,14,37.846534729003906,1000,0.11663143336772919,False,False,42
no_mass,mass,moderate,3.3,15,35.75788116455078,1000,0.14452815055847168,False,False,42
no_mass,mass,moderate,3.3,16,35.87618637084961,1000,0.17255346477031708,False,False,42
no_mass,mass,moderate,3.3,17,41.08690643310547,1000,0.07492027431726456,False,False,42
no_mass,mass,moderate,3.3,18,38.3555793762207,1000,0.12156648188829422,False,False,42
no_mass,mass,moderate,3.3,19,33.71963119506836,1000,0.21115857362747192,False,False,42
no_mass,mass,moderate,3.3,20,38.37326431274414,1000,0.10797885805368423,False,False,42
no_mass,mass,moderate,3.3,21,39.210670471191406,1000,0.139945387840271,False,False,42
no_mass,mass,moderate,3.3,22,39.14999771118164,1000,0.08457526564598083,False,False,42
no_mass,mass,moderate,3.3,23,40.31801223754883,1000,0.09198698401451111,False,False,42
no_mass,mass,moderate,3.3,24,40.211673736572266,1000,0.053134117275476456,False,False,42
no_mass,mass,moderate,3.3,25,40.13330841064453,1000,0.09433303773403168,False,False,42
no_mass,mass,moderate,3.3,26,41.1851921081543,1000,0.05847423896193504,False,False,42
no_mass,mass,moderate,3.3,27,39.01700210571289,1000,0.12071473151445389,False,False,42
no_mass,mass,moderate,3.3,28,37.77313995361328,1000,0.1053495854139328,False,False,42
no_mass,mass,moderate,3.3,29,40.169921875,1000,0.07775235921144485,False,False,42
no_motor_strength,mass,moderate,3.3,0,41.19395065307617,1000,0.03682553395628929,False,False,42
no_motor_strength,mass,moderate,3.3,1,39.1662712097168,1000,0.07080953568220139,False,False,42
no_motor_strength,mass,moderate,3.3,2,40.276851654052734,1000,0.049191661179065704,False,False,42
no_motor_strength,mass,moderate,3.3,3,40.74100875854492,1000,0.05051755905151367,False,False,42
no_motor_strength,mass,moderate,3.3,4,40.098731994628906,1000,0.04794454202055931,False,False,42
no_motor_strength,mass,moderate,3.3,5,39.686988830566406,1000,0.07251107692718506,False,False,42
no_motor_strength,mass,moderate,3.3,6,38.61687088012695,1000,0.06144140288233757,False,False,42
no_motor_strength,mass,moderate,3.3,7,39.274723052978516,1000,0.06483781337738037,False,False,42
no_motor_strength,mass,moderate,3.3,8,40.27970504760742,1000,0.04937487840652466,False,False,42
no_motor_strength,mass,moderate,3.3,9,38.38037872314453,1000,0.0776829645037651,False,False,42
no_motor_strength,mass,moderate,3.3,10,40.75882339477539,1000,0.0346095934510231,False,False,42
no_motor_strength,mass,moderate,3.3,11,38.179988861083984,1000,0.081792913377285,False,False,42
no_motor_strength,mass,moderate,3.3,12,39.19089889526367,1000,0.06526206433773041,False,False,42
no_motor_strength,mass,moderate,3.3,13,39.89606475830078,1000,0.06128549948334694,False,False,42
no_motor_strength,mass,moderate,3.3,14,39.01441192626953,1000,0.04481341689825058,False,False,42
no_motor_strength,mass,moderate,3.3,15,36.55299758911133,1000,0.09831662476062775,False,False,42
no_motor_strength,mass,moderate,3.3,16,38.031707763671875,1000,0.0841609314084053,False,False,42
no_motor_strength,mass,moderate,3.3,17,41.23118209838867,1000,0.059592824429273605,False,False,42
no_motor_strength,mass,moderate,3.3,18,38.65280532836914,1000,0.05892964452505112,False,False,42
no_motor_strength,mass,moderate,3.3,19,39.8247184753418,1000,0.06369827687740326,False,False,42
no_motor_strength,mass,moderate,3.3,20,39.02539825439453,1000,0.07074455171823502,False,False,42
no_motor_strength,mass,moderate,3.3,21,41.59395980834961,1000,0.03989442437887192,False,False,42
no_motor_strength,mass,moderate,3.3,22,39.845237731933594,1000,0.06268520653247833,False,False,42
no_motor_strength,mass,moderate,3.3,23,40.64664840698242,1000,0.05380549654364586,False,False,42
no_motor_strength,mass,moderate,3.3,24,38.87648010253906,1000,0.06941481679677963,False,False,42
no_motor_strength,mass,moderate,3.3,25,40.62294387817383,1000,0.051904696971178055,False,False,42
no_motor_strength,mass,moderate,3.3,26,41.13959503173828,1000,0.04305330291390419,False,False,42
no_motor_strength,mass,moderate,3.3,27,39.44008255004883,1000,0.06091056391596794,False,False,42
no_motor_strength,mass,moderate,3.3,28,38.70243835449219,1000,0.08333687484264374,False,False,42
no_motor_strength,mass,moderate,3.3,29,40.46639633178711,1000,0.05907468870282173,False,False,42
no_sensor_noise,mass,moderate,3.3,0,41.92091751098633,1000,0.03428680822253227,False,False,42
no_sensor_noise,mass,moderate,3.3,1,40.04389953613281,1000,0.07536648213863373,False,False,42
no_sensor_noise,mass,moderate,3.3,2,40.892276763916016,1000,0.03708570823073387,False,False,42
no_sensor_noise,mass,moderate,3.3,3,40.87010192871094,1000,0.05227253958582878,False,False,42
no_sensor_noise,mass,moderate,3.3,4,40.53156661987305,1000,0.0679180845618248,False,False,42
no_sensor_noise,mass,moderate,3.3,5,38.9559440612793,1000,0.06648851186037064,False,False,42
no_sensor_noise,mass,moderate,3.3,6,39.15324401855469,1000,0.05599237233400345,False,False,42
no_sensor_noise,mass,moderate,3.3,7,39.427467346191406,1000,0.06711127609014511,False,False,42
no_sensor_noise,mass,moderate,3.3,8,40.416099548339844,1000,0.05684319883584976,False,False,42
no_sensor_noise,mass,moderate,3.3,9,37.76721954345703,1000,0.06646900624036789,False,False,42
no_sensor_noise,mass,moderate,3.3,10,41.52249526977539,1000,0.04498251527547836,False,False,42
no_sensor_noise,mass,moderate,3.3,11,37.45542526245117,1000,0.070706807076931,False,False,42
no_sensor_noise,mass,moderate,3.3,12,39.459903717041016,1000,0.06568650156259537,False,False,42
no_sensor_noise,mass,moderate,3.3,13,40.06117248535156,1000,0.0753626748919487,False,False,42
no_sensor_noise,mass,moderate,3.3,14,39.43329620361328,1000,0.04951919987797737,False,False,42
no_sensor_noise,mass,moderate,3.3,15,36.78177261352539,1000,0.07958223670721054,False,False,42
no_sensor_noise,mass,moderate,3.3,16,37.44590377807617,1000,0.09825267642736435,False,False,42
no_sensor_noise,mass,moderate,3.3,17,41.41765213012695,1000,0.056636787950992584,False,False,42
no_sensor_noise,mass,moderate,3.3,18,39.70698165893555,1000,0.05677325651049614,False,False,42
no_sensor_noise,mass,moderate,3.3,19,40.18474197387695,1000,0.0727669894695282,False,False,42
no_sensor_noise,mass,moderate,3.3,20,38.95054244995117,1000,0.0768018588423729,False,False,42
no_sensor_noise,mass,moderate,3.3,21,41.598384857177734,1000,0.035052280873060226,False,False,42
no_sensor_noise,mass,moderate,3.3,22,40.599632263183594,1000,0.044807787984609604,False,False,42
no_sensor_noise,mass,moderate,3.3,23,41.127220153808594,1000,0.05673978850245476,False,False,42
no_sensor_noise,mass,moderate,3.3,24,39.32102966308594,1000,0.058355480432510376,False,False,42
no_sensor_noise,mass,moderate,3.3,25,41.15688705444336,1000,0.04289037734270096,False,False,42
no_sensor_noise,mass,moderate,3.3,26,41.45174789428711,1000,0.04690748080611229,False,False,42
no_sensor_noise,mass,moderate,3.3,27,40.01283645629883,1000,0.0521499328315258,False,False,42
no_sensor_noise,mass,moderate,3.3,28,38.43796920776367,1000,0.05909820646047592,False,False,42
no_sensor_noise,mass,moderate,3.3,29,31.994842529296875,1000,0.14773403108119965,False,False,42
no_action_latency,mass,moderate,3.3,0,41.693824768066406,1000,0.03319748863577843,False,False,42
no_action_latency,mass,moderate,3.3,1,40.40658950805664,1000,0.05399269983172417,False,False,42
no_action_latency,mass,moderate,3.3,2,41.3879508972168,1000,0.04249973222613335,False,False,42
no_action_latency,mass,moderate,3.3,3,40.569007873535156,1000,0.0633925125002861,False,False,42
no_action_latency,mass,moderate,3.3,4,40.63920211791992,1000,0.04817934334278107,False,False,42
no_action_latency,mass,moderate,3.3,5,40.1257209777832,1000,0.05312946066260338,False,False,42
no_action_latency,mass,moderate,3.3,6,39.97169876098633,1000,0.05767901614308357,False,False,42
no_action_latency,mass,moderate,3.3,7,40.20827102661133,1000,0.06695596128702164,False,False,42
no_action_latency,mass,moderate,3.3,8,41.02793884277344,1000,0.053324151784181595,False,False,42
no_action_latency,mass,moderate,3.3,9,39.32688522338867,1000,0.06714773923158646,False,False,42
no_action_latency,mass,moderate,3.3,10,41.50626754760742,1000,0.03982396423816681,False,False,42
no_action_latency,mass,moderate,3.3,11,39.39174270629883,1000,0.06418116390705109,False,False,42
no_action_latency,mass,moderate,3.3,12,39.881282806396484,1000,0.05965898931026459,False,False,42
no_action_latency,mass,moderate,3.3,13,40.80706787109375,1000,0.05312984064221382,False,False,42
no_action_latency,mass,moderate,3.3,14,40.11491012573242,1000,0.052273038774728775,False,False,42
no_action_latency,mass,moderate,3.3,15,38.04372024536133,1000,0.0865030288696289,False,False,42
no_action_latency,mass,moderate,3.3,16,39.38021469116211,1000,0.07253407686948776,False,False,42
no_action_latency,mass,moderate,3.3,17,41.91786575317383,1000,0.0605747327208519,False,False,42
no_action_latency,mass,moderate,3.3,18,40.29310607910156,1000,0.05460362881422043,False,False,42
no_action_latency,mass,moderate,3.3,19,37.684288024902344,1000,0.0879984125494957,False,False,42
no_action_latency,mass,moderate,3.3,20,39.566341400146484,1000,0.06637287884950638,False,False,42
no_action_latency,mass,moderate,3.3,21,41.288326263427734,1000,0.0498802550137043,False,False,42
no_action_latency,mass,moderate,3.3,22,27.30633544921875,1000,0.20625413954257965,False,False,42
no_action_latency,mass,moderate,3.3,23,41.14995193481445,1000,0.04513673856854439,False,False,42
no_action_latency,mass,moderate,3.3,24,38.31521987915039,1000,0.06510059535503387,False,False,42
no_action_latency,mass,moderate,3.3,25,41.534889221191406,1000,0.04092663899064064,False,False,42
no_action_latency,mass,moderate,3.3,26,41.3838005065918,1000,0.04827431961894035,False,False,42
no_action_latency,mass,moderate,3.3,27,40.268516540527344,1000,0.057221610099077225,False,False,42
no_action_latency,mass,moderate,3.3,28,39.44471740722656,1000,0.06687619537115097,False,False,42
no_action_latency,mass,moderate,3.3,29,33.28855514526367,1000,0.12464184314012527,False,False,42
baseline_full_dr,mass,hard,4.5,0,41.09494400024414,1000,0.05033934861421585,False,False,42
baseline_full_dr,mass,hard,4.5,1,37.9503173828125,1000,0.0893387645483017,False,False,42
baseline_full_dr,mass,hard,4.5,2,39.257286071777344,1000,0.06908691674470901,False,False,42
baseline_full_dr,mass,hard,4.5,3,38.610862731933594,1000,0.07819121330976486,False,False,42
baseline_full_dr,mass,hard,4.5,4,40.073978424072266,1000,0.05814740061759949,False,False,42
baseline_full_dr,mass,hard,4.5,5,38.647804260253906,1000,0.07484567165374756,False,False,42
baseline_full_dr,mass,hard,4.5,6,37.51399612426758,1000,0.08900865167379379,False,False,42
baseline_full_dr,mass,hard,4.5,7,38.45071029663086,1000,0.09030356258153915,False,False,42
baseline_full_dr,mass,hard,4.5,8,39.23942947387695,1000,0.07818202674388885,False,False,42
baseline_full_dr,mass,hard,4.5,9,36.910133361816406,1000,0.09934232383966446,False,False,42
baseline_full_dr,mass,hard,4.5,10,40.90116882324219,1000,0.05209227651357651,False,False,42
baseline_full_dr,mass,hard,4.5,11,36.190547943115234,1000,0.10765207558870316,False,False,42
baseline_full_dr,mass,hard,4.5,12,38.53034210205078,1000,0.0661613792181015,False,False,42
baseline_full_dr,mass,hard,4.5,13,39.30445098876953,1000,0.08310043811798096,False,False,42
baseline_full_dr,mass,hard,4.5,14,37.80076217651367,1000,0.08417350053787231,False,False,42
baseline_full_dr,mass,hard,4.5,15,34.893856048583984,1000,0.14346511662006378,False,False,42
baseline_full_dr,mass,hard,4.5,16,36.567317962646484,1000,0.1092609167098999,False,False,42
baseline_full_dr,mass,hard,4.5,17,40.685726165771484,1000,0.0695304274559021,False,False,42
baseline_full_dr,mass,hard,4.5,18,38.04354476928711,1000,0.08757256716489792,False,False,42
baseline_full_dr,mass,hard,4.5,19,39.31488800048828,1000,0.09482531994581223,False,False,42
baseline_full_dr,mass,hard,4.5,20,36.898094177246094,1000,0.11791306734085083,False,False,42
baseline_full_dr,mass,hard,4.5,21,36.97718811035156,1000,0.0853823646903038,False,False,42
baseline_full_dr,mass,hard,4.5,22,38.85799026489258,1000,0.07134979963302612,False,False,42
baseline_full_dr,mass,hard,4.5,23,40.091182708740234,1000,0.06523960083723068,False,False,42
baseline_full_dr,mass,hard,4.5,24,39.49985885620117,1000,0.07137622684240341,False,False,42
baseline_full_dr,mass,hard,4.5,25,40.149925231933594,1000,0.0709390863776207,False,False,42
baseline_full_dr,mass,hard,4.5,26,35.480621337890625,1000,0.1447603553533554,False,False,42
baseline_full_dr,mass,hard,4.5,27,36.21651840209961,1000,0.11911393702030182,False,False,42
baseline_full_dr,mass,hard,4.5,28,36.63409423828125,1000,0.11125355213880539,False,False,42
baseline_full_dr,mass,hard,4.5,29,39.00255584716797,1000,0.06765496730804443,False,False,42
no_friction,mass,hard,4.5,0,40.72427749633789,1000,0.042366527020931244,False,False,42
no_friction,mass,hard,4.5,1,38.50315475463867,1000,0.07473146170377731,False,False,42
no_friction,mass,hard,4.5,2,40.033512115478516,1000,0.05624531954526901,False,False,42
no_friction,mass,hard,4.5,3,40.1975212097168,1000,0.05632362142205238,False,False,42
no_friction,mass,hard,4.5,4,39.51298522949219,1000,0.05947078391909599,False,False,42
no_friction,mass,hard,4.5,5,38.04554748535156,1000,0.10449949651956558,False,False,42
no_friction,mass,hard,4.5,6,38.549278259277344,1000,0.05846276134252548,False,False,42
no_friction,mass,hard,4.5,7,38.51771545410156,1000,0.07718673348426819,False,False,42
no_friction,mass,hard,4.5,8,40.06248474121094,1000,0.05111045762896538,False,False,42
no_friction,mass,hard,4.5,9,34.9229621887207,1000,0.1568029671907425,False,False,42
no_friction,mass,hard,4.5,10,40.49152755737305,1000,0.04187319055199623,False,False,42
no_friction,mass,hard,4.5,11,35.647823333740234,1000,0.12222591042518616,False,False,42
no_friction,mass,hard,4.5,12,36.89925765991211,1000,0.0981355533003807,False,False,42
no_friction,mass,hard,4.5,13,39.392555236816406,1000,0.06579191982746124,False,False,42
no_friction,mass,hard,4.5,14,38.52644729614258,1000,0.06515336036682129,False,False,42
no_friction,mass,hard,4.5,15,35.07142639160156,1000,0.14238451421260834,False,False,42
no_friction,mass,hard,4.5,16,34.96135330200195,1000,0.14501594007015228,False,False,42
no_friction,mass,hard,4.5,17,40.95613479614258,1000,0.05641210079193115,False,False,42
no_friction,mass,hard,4.5,18,38.313045501708984,1000,0.07608430087566376,False,False,42
no_friction,mass,hard,4.5,19,38.602848052978516,1000,0.1070244237780571,False,False,42
no_friction,mass,hard,4.5,20,37.618526458740234,1000,0.08037429302930832,False,False,42
no_friction,mass,hard,4.5,21,41.0329704284668,1000,0.05417710915207863,False,False,42
no_friction,mass,hard,4.5,22,39.70171356201172,1000,0.07262906432151794,False,False,42
no_friction,mass,hard,4.5,23,40.39118576049805,1000,0.052300259470939636,False,False,42
no_friction,mass,hard,4.5,24,37.24705123901367,1000,0.09684997797012329,False,False,42
no_friction,mass,hard,4.5,25,40.51523971557617,1000,0.05342517048120499,False,False,42
no_friction,mass,hard,4.5,26,40.609046936035156,1000,0.06387008726596832,False,False,42
no_friction,mass,hard,4.5,27,39.23057556152344,1000,0.06242052838206291,False,False,42
no_friction,mass,hard,4.5,28,37.75719451904297,1000,0.10260277986526489,False,False,42
no_friction,mass,hard,4.5,29,39.09950256347656,1000,0.07258264720439911,False,False,42
no_mass,mass,hard,4.5,0,39.5862922668457,1000,0.11343871057033539,False,False,42
no_mass,mass,hard,4.5,1,34.69156265258789,1000,0.21951498091220856,False,False,42
no_mass,mass,hard,4.5,2,37.8272590637207,1000,0.15532849729061127,False,False,42
no_mass,mass,hard,4.5,3,36.6700553894043,1000,0.17829389870166779,False,False,42
no_mass,mass,hard,4.5,4,37.722938537597656,1000,0.148157998919487,False,False,42
no_mass,mass,hard,4.5,5,38.70446014404297,1000,0.08993709087371826,False,False,42
no_mass,mass,hard,4.5,6,35.184410095214844,1000,0.18625479936599731,False,False,42
no_mass,mass,hard,4.5,7,36.01874923706055,1000,0.15745235979557037,False,False,42
no_mass,mass,hard,4.5,8,37.91967010498047,1000,0.16423024237155914,False,False,42
no_mass,mass,hard,4.5,9,36.101463317871094,1000,0.12943793833255768,False,False,42
no_mass,mass,hard,4.5,10,39.529720306396484,1000,0.10115549713373184,False,False,42
no_mass,mass,hard,4.5,11,35.99295425415039,1000,0.1370174139738083,False,False,42
no_mass,mass,hard,4.5,12,37.8000373840332,1000,0.11543816328048706,False,False,42
no_mass,mass,hard,4.5,13,36.867733001708984,1000,0.15615583956241608,False,False,42
no_mass,mass,hard,4.5,14,36.06438064575195,1000,0.14786122739315033,False,False,42
no_mass,mass,hard,4.5,15,33.78623962402344,1000,0.1808539181947708,False,False,42
no_mass,mass,hard,4.5,16,33.364681243896484,1000,0.22200122475624084,False,False,42
no_mass,mass,hard,4.5,17,40.3881721496582,1000,0.08966517448425293,False,False,42
no_mass,mass,hard,4.5,18,36.44507598876953,1000,0.16318178176879883,False,False,42
no_mass,mass,hard,4.5,19,35.923431396484375,1000,0.1989269107580185,False,False,42
no_mass,mass,hard,4.5,20,36.48483657836914,1000,0.14859779179096222,False,False,42
no_mass,mass,hard,4.5,21,39.1544075012207,1000,0.13594217598438263,False,False,42
no_mass,mass,hard,4.5,22,39.19565200805664,1000,0.0932680144906044,False,False,42
no_mass,mass,hard,4.5,23,38.870277404785156,1000,0.12791891396045685,False,False,42
no_mass,mass,hard,4.5,24,36.4542350769043,1000,0.06304769217967987,False,False,42
no_mass,mass,hard,4.5,25,38.188255310058594,1000,0.13499118387699127,False,False,42
no_mass,mass,hard,4.5,26,40.11774826049805,1000,0.07313188910484314,False,False,42
no_mass,mass,hard,4.5,27,37.193077087402344,1000,0.16000156104564667,False,False,42
no_mass,mass,hard,4.5,28,35.974971771240234,1000,0.1408473700284958,False,False,42
no_mass,mass,hard,4.5,29,39.344722747802734,1000,0.0936472937464714,False,False,42
no_motor_strength,mass,hard,4.5,0,40.84623336791992,1000,0.04008617624640465,False,False,42
no_motor_strength,mass,hard,4.5,1,38.023223876953125,1000,0.08898519724607468,False,False,42
no_motor_strength,mass,hard,4.5,2,39.49095916748047,1000,0.05841483920812607,False,False,42
no_motor_strength,mass,hard,4.5,3,40.08662414550781,1000,0.06411976367235184,False,False,42
no_motor_strength,mass,hard,4.5,4,39.358516693115234,1000,0.05342232435941696,False,False,42
no_motor_strength,mass,hard,4.5,5,38.92689514160156,1000,0.09022153913974762,False,False,42
no_motor_strength,mass,hard,4.5,6,37.31655502319336,1000,0.07882792502641678,False,False,42
no_motor_strength,mass,hard,4.5,7,38.472991943359375,1000,0.06905154883861542,False,False,42
no_motor_strength,mass,hard,4.5,8,39.21609878540039,1000,0.0701325535774231,False,False,42
no_motor_strength,mass,hard,4.5,9,37.38198471069336,1000,0.10475409030914307,False,False,42
no_motor_strength,mass,hard,4.5,10,40.2962760925293,1000,0.035464704036712646,False,False,42
no_motor_strength,mass,hard,4.5,11,37.133811950683594,1000,0.10808049887418747,False,False,42
no_motor_strength,mass,hard,4.5,12,38.795021057128906,1000,0.0679825022816658,False,False,42
no_motor_strength,mass,hard,4.5,13,39.10850524902344,1000,0.06880082190036774,False,False,42
no_motor_strength,mass,hard,4.5,14,37.9826774597168,1000,0.05477403476834297,False,False,42
no_motor_strength,mass,hard,4.5,15,35.442047119140625,1000,0.11801764369010925,False,False,42
no_motor_strength,mass,hard,4.5,16,36.95565414428711,1000,0.10548193752765656,False,False,42
no_motor_strength,mass,hard,4.5,17,40.97282409667969,1000,0.06030890345573425,False,False,42
no_motor_strength,mass,hard,4.5,18,37.76206970214844,1000,0.06912288069725037,False,False,42
no_motor_strength,mass,hard,4.5,19,39.169071197509766,1000,0.07445643842220306,False,False,42
no_motor_strength,mass,hard,4.5,20,38.29423141479492,1000,0.08010351657867432,False,False,42
no_motor_strength,mass,hard,4.5,21,40.959957122802734,1000,0.049878329038619995,False,False,42
no_motor_strength,mass,hard,4.5,22,28.932140350341797,1000,0.23045331239700317,False,False,42
no_motor_strength,mass,hard,4.5,23,40.18090057373047,1000,0.05377693101763725,False,False,42
no_motor_strength,mass,hard,4.5,24,36.532535552978516,1000,0.08926446735858917,False,False,42
no_motor_strength,mass,hard,4.5,25,39.97872543334961,1000,0.05979140102863312,False,False,42
no_motor_strength,mass,hard,4.5,26,40.43259048461914,1000,0.049804795533418655,False,False,42
no_motor_strength,mass,hard,4.5,27,38.41575241088867,1000,0.07391960173845291,False,False,42
no_motor_strength,mass,hard,4.5,28,37.654964447021484,1000,0.10973385721445084,False,False,42
no_motor_strength,mass,hard,4.5,29,34.04029846191406,1000,0.13547545671463013,False,False,42
no_sensor_noise,mass,hard,4.5,0,41.53116226196289,1000,0.04136725142598152,False,False,42
no_sensor_noise,mass,hard,4.5,1,39.47126770019531,1000,0.0785704255104065,False,False,42
no_sensor_noise,mass,hard,4.5,2,40.08684539794922,1000,0.04461408033967018,False,False,42
no_sensor_noise,mass,hard,4.5,3,40.317840576171875,1000,0.05675068870186806,False,False,42
no_sensor_noise,mass,hard,4.5,4,40.2733039855957,1000,0.072127565741539,False,False,42
no_sensor_noise,mass,hard,4.5,5,37.46636962890625,1000,0.07975825667381287,False,False,42
no_sensor_noise,mass,hard,4.5,6,38.799739837646484,1000,0.059149693697690964,False,False,42
no_sensor_noise,mass,hard,4.5,7,38.455711364746094,1000,0.07481200248003006,False,False,42
no_sensor_noise,mass,hard,4.5,8,39.5177116394043,1000,0.06951583921909332,False,False,42
no_sensor_noise,mass,hard,4.5,9,36.84181213378906,1000,0.0781729593873024,False,False,42
no_sensor_noise,mass,hard,4.5,10,41.19316482543945,1000,0.04597916826605797,False,False,42
no_sensor_noise,mass,hard,4.5,11,35.61016082763672,1000,0.0962924212217331,False,False,42
no_sensor_noise,mass,hard,4.5,12,38.75172805786133,1000,0.07035519927740097,False,False,42
no_sensor_noise,mass,hard,4.5,13,39.57890701293945,1000,0.0718294009566307,False,False,42
no_sensor_noise,mass,hard,4.5,14,39.09034729003906,1000,0.048613645136356354,False,False,42
no_sensor_noise,mass,hard,4.5,15,35.607669830322266,1000,0.0957559123635292,False,False,42
no_sensor_noise,mass,hard,4.5,16,36.14470672607422,1000,0.11096976697444916,False,False,42
no_sensor_noise,mass,hard,4.5,17,40.90986251831055,1000,0.057406406849622726,False,False,42
no_sensor_noise,mass,hard,4.5,18,39.296241760253906,1000,0.062709741294384,False,False,42
no_sensor_noise,mass,hard,4.5,19,39.24711227416992,1000,0.08438127487897873,False,False,42
no_sensor_noise,mass,hard,4.5,20,37.295894622802734,1000,0.10587514936923981,False,False,42
no_sensor_noise,mass,hard,4.5,21,41.25994110107422,1000,0.034386686980724335,False,False,42
no_sensor_noise,mass,hard,4.5,22,40.07878494262695,1000,0.051228899508714676,False,False,42
no_sensor_noise,mass,hard,4.5,23,40.61056137084961,1000,0.06517162919044495,False,False,42
no_sensor_noise,mass,hard,4.5,24,40.43937301635742,1000,0.057238880544900894,False,False,42
no_sensor_noise,mass,hard,4.5,25,40.46836853027344,1000,0.04844430088996887,False,False,42
no_sensor_noise,mass,hard,4.5,26,40.46065902709961,1000,0.0609968863427639,False,False,42
no_sensor_noise,mass,hard,4.5,27,39.43289566040039,1000,0.05474685877561569,False,False,42
no_sensor_noise,mass,hard,4.5,28,37.35783767700195,1000,0.0652192011475563,False,False,42
no_sensor_noise,mass,hard,4.5,29,31.021970748901367,1000,0.1486349254846573,False,False,42
no_action_latency,mass,hard,4.5,0,41.295047760009766,1000,0.03357132524251938,False,False,42
no_action_latency,mass,hard,4.5,1,39.391624450683594,1000,0.06545841693878174,False,False,42
no_action_latency,mass,hard,4.5,2,40.957427978515625,1000,0.0457356758415699,False,False,42
no_action_latency,mass,hard,4.5,3,40.154693603515625,1000,0.0664498582482338,False,False,42
no_action_latency,mass,hard,4.5,4,40.25099563598633,1000,0.04709761589765549,False,False,42
no_action_latency,mass,hard,4.5,5,39.62841796875,1000,0.05573417991399765,False,False,42
no_action_latency,mass,hard,4.5,6,39.33755874633789,1000,0.06395421177148819,False,False,42
no_action_latency,mass,hard,4.5,7,39.5548095703125,1000,0.07178225368261337,False,False,42
no_action_latency,mass,hard,4.5,8,40.47547912597656,1000,0.05583854019641876,False,False,42
no_action_latency,mass,hard,4.5,9,38.51693344116211,1000,0.07418414950370789,False,False,42
no_action_latency,mass,hard,4.5,10,41.11050033569336,1000,0.04167311266064644,False,False,42
no_action_latency,mass,hard,4.5,11,38.58588409423828,1000,0.07548064738512039,False,False,42
no_action_latency,mass,hard,4.5,12,39.25147247314453,1000,0.06517413258552551,False,False,42
no_action_latency,mass,hard,4.5,13,40.279869079589844,1000,0.05764027312397957,False,False,42
no_action_latency,mass,hard,4.5,14,39.55614471435547,1000,0.05531763657927513,False,False,42
no_action_latency,mass,hard,4.5,15,36.924442291259766,1000,0.0925607979297638,False,False,42
no_action_latency,mass,hard,4.5,16,38.61460876464844,1000,0.08212407678365707,False,False,42
no_action_latency,mass,hard,4.5,17,41.64302062988281,1000,0.059977009892463684,False,False,42
no_action_latency,mass,hard,4.5,18,39.63020706176758,1000,0.05930287763476372,False,False,42
no_action_latency,mass,hard,4.5,19,37.570369720458984,1000,0.0960695818066597,False,False,42
no_action_latency,mass,hard,4.5,20,39.10087585449219,1000,0.06944291293621063,False,False,42
no_action_latency,mass,hard,4.5,21,40.587623596191406,1000,0.05824989452958107,False,False,42
no_action_latency,mass,hard,4.5,22,37.91218948364258,1000,0.07725173979997635,False,False,42
no_action_latency,mass,hard,4.5,23,40.723419189453125,1000,0.046202290803194046,False,False,42
no_action_latency,mass,hard,4.5,24,37.17858123779297,1000,0.06429501622915268,False,False,42
no_action_latency,mass,hard,4.5,25,41.04783630371094,1000,0.045978184789419174,False,False,42
no_action_latency,mass,hard,4.5,26,40.87275314331055,1000,0.04919864982366562,False,False,42
no_action_latency,mass,hard,4.5,27,39.80134963989258,1000,0.06071959063410759,False,False,42
no_action_latency,mass,hard,4.5,28,38.81328201293945,1000,0.07325510680675507,False,False,42
no_action_latency,mass,hard,4.5,29,40.03105926513672,1000,0.05383171886205673,False,False,42
baseline_full_dr,motor_strength,moderate,0.81,0,42.34689712524414,1000,0.04013640433549881,False,False,42
baseline_full_dr,motor_strength,moderate,0.81,1,40.53152847290039,1000,0.07223841547966003,False,False,42
baseline_full_dr,motor_strength,moderate,0.81,2,41.16398620605469,1000,0.06469609588384628,False,False,42
baseline_full_dr,motor_strength,moderate,0.81,3,40.80389404296875,1000,0.07570692151784897,False,False,42
baseline_full_dr,motor_strength,moderate,0.81,4,41.1779670715332,1000,0.04835831746459007,False,False,42
baseline_full_dr,motor_strength,moderate,0.81,5,40.64895248413086,1000,0.06266897171735764,False,False,42
baseline_full_dr,motor_strength,moderate,0.81,6,40.025306701660156,1000,0.07492300868034363,False,False,42
baseline_full_dr,motor_strength,moderate,0.81,7,40.07997512817383,1000,0.0746273547410965,False,False,42
baseline_full_dr,motor_strength,moderate,0.81,8,41.609928131103516,1000,0.06198080629110336,False,False,42
baseline_full_dr,motor_strength,moderate,0.81,9,39.062381744384766,1000,0.0787813812494278,False,False,42
baseline_full_dr,motor_strength,moderate,0.81,10,42.21736526489258,1000,0.04150900989770889,False,False,42
baseline_full_dr,motor_strength,moderate,0.81,11,38.86990737915039,1000,0.0802992582321167,False,False,42
baseline_full_dr,motor_strength,moderate,0.81,12,40.01719665527344,1000,0.06674838811159134,False,False,42
baseline_full_dr,motor_strength,moderate,0.81,13,41.28861618041992,1000,0.06333687901496887,False,False,42
baseline_full_dr,motor_strength,moderate,0.81,14,39.87747573852539,1000,0.07770796865224838,False,False,42
baseline_full_dr,motor_strength,moderate,0.81,15,37.78152084350586,1000,0.1084115281701088,False,False,42
baseline_full_dr,motor_strength,moderate,0.81,16,38.90216064453125,1000,0.08418861031532288,False,False,42
baseline_full_dr,motor_strength,moderate,0.81,17,41.87207794189453,1000,0.061145197600126266,False,False,42
baseline_full_dr,motor_strength,moderate,0.81,18,40.07840347290039,1000,0.08147353678941727,False,False,42
baseline_full_dr,motor_strength,moderate,0.81,19,41.11603546142578,1000,0.07440006732940674,False,False,42
baseline_full_dr,motor_strength,moderate,0.81,20,39.72397994995117,1000,0.07432950288057327,False,False,42
baseline_full_dr,motor_strength,moderate,0.81,21,39.30704879760742,1000,0.10107585042715073,False,False,42
baseline_full_dr,motor_strength,moderate,0.81,22,40.84905242919922,1000,0.06388109177350998,False,False,42
baseline_full_dr,motor_strength,moderate,0.81,23,41.36719512939453,1000,0.06006966531276703,False,False,42
baseline_full_dr,motor_strength,moderate,0.81,24,37.55330276489258,1000,0.07442580908536911,False,False,42
baseline_full_dr,motor_strength,moderate,0.81,25,41.89680099487305,1000,0.06110699474811554,False,False,42
baseline_full_dr,motor_strength,moderate,0.81,26,41.69505310058594,1000,0.08079805970191956,False,False,42
baseline_full_dr,motor_strength,moderate,0.81,27,39.59843826293945,1000,0.08895289152860641,False,False,42
baseline_full_dr,motor_strength,moderate,0.81,28,39.683021545410156,1000,0.0752904862165451,False,False,42
baseline_full_dr,motor_strength,moderate,0.81,29,41.0986442565918,1000,0.06402241438627243,False,False,42
no_friction,motor_strength,moderate,0.81,0,41.928382873535156,1000,0.04077247902750969,False,False,42
no_friction,motor_strength,moderate,0.81,1,40.11288833618164,1000,0.06879197061061859,False,False,42
no_friction,motor_strength,moderate,0.81,2,41.541690826416016,1000,0.052435409277677536,False,False,42
no_friction,motor_strength,moderate,0.81,3,41.74773406982422,1000,0.046954765915870667,False,False,42
no_friction,motor_strength,moderate,0.81,4,40.79203414916992,1000,0.05425729602575302,False,False,42
no_friction,motor_strength,moderate,0.81,5,39.70518493652344,1000,0.08248031884431839,False,False,42
no_friction,motor_strength,moderate,0.81,6,40.48998260498047,1000,0.05050263553857803,False,False,42
no_friction,motor_strength,moderate,0.81,7,39.811378479003906,1000,0.0606902576982975,False,False,42
no_friction,motor_strength,moderate,0.81,8,41.467647552490234,1000,0.04770397022366524,False,False,42
no_friction,motor_strength,moderate,0.81,9,37.44276428222656,1000,0.11484359949827194,False,False,42
no_friction,motor_strength,moderate,0.81,10,41.56434631347656,1000,0.04316253587603569,False,False,42
no_friction,motor_strength,moderate,0.81,11,38.48778533935547,1000,0.09450599551200867,False,False,42
no_friction,motor_strength,moderate,0.81,12,38.76966857910156,1000,0.07828453183174133,False,False,42
no_friction,motor_strength,moderate,0.81,13,40.64268112182617,1000,0.07118774950504303,False,False,42
no_friction,motor_strength,moderate,0.81,14,40.33918762207031,1000,0.052775487303733826,False,False,42
no_friction,motor_strength,moderate,0.81,15,38.15607833862305,1000,0.10227695107460022,False,False,42
no_friction,motor_strength,moderate,0.81,16,37.08554458618164,1000,0.116864874958992,False,False,42
no_friction,motor_strength,moderate,0.81,17,41.98994064331055,1000,0.05677853152155876,False,False,42
no_friction,motor_strength,moderate,0.81,18,40.15442657470703,1000,0.06869189441204071,False,False,42
no_friction,motor_strength,moderate,0.81,19,40.85230255126953,1000,0.07820069789886475,False,False,42
no_friction,motor_strength,moderate,0.81,20,39.70878219604492,1000,0.07415477186441422,False,False,42
no_friction,motor_strength,moderate,0.81,21,42.431339263916016,1000,0.04154447093605995,False,False,42
no_friction,motor_strength,moderate,0.81,22,41.06013107299805,1000,0.05198756232857704,False,False,42
no_friction,motor_strength,moderate,0.81,23,41.51752853393555,1000,0.05055747181177139,False,False,42
no_friction,motor_strength,moderate,0.81,24,38.939571380615234,1000,0.07476060837507248,False,False,42
no_friction,motor_strength,moderate,0.81,25,41.67104721069336,1000,0.05751444399356842,False,False,42
no_friction,motor_strength,moderate,0.81,26,41.73281478881836,1000,0.06702495366334915,False,False,42
no_friction,motor_strength,moderate,0.81,27,40.97321319580078,1000,0.05510919168591499,False,False,42
no_friction,motor_strength,moderate,0.81,28,39.58064270019531,1000,0.081911601126194,False,False,42
no_friction,motor_strength,moderate,0.81,29,40.75667953491211,1000,0.06265104562044144,False,False,42
no_mass,motor_strength,moderate,0.81,0,41.97407150268555,1000,0.06445103883743286,False,False,42
no_mass,motor_strength,moderate,0.81,1,39.51973342895508,1000,0.12861470878124237,False,False,42
no_mass,motor_strength,moderate,0.81,2,40.35586166381836,1000,0.1112544983625412,False,False,42
no_mass,motor_strength,moderate,0.81,3,39.53135299682617,1000,0.14912183582782745,False,False,42
no_mass,motor_strength,moderate,0.81,4,40.66189956665039,1000,0.0832010954618454,False,False,42
no_mass,motor_strength,moderate,0.81,5,40.37138366699219,1000,0.05778544023633003,False,False,42
no_mass,motor_strength,moderate,0.81,6,39.5017204284668,1000,0.11164939403533936,False,False,42
no_mass,motor_strength,moderate,0.81,7,40.21732711791992,1000,0.07294029742479324,False,False,42
no_mass,motor_strength,moderate,0.81,8,40.818153381347656,1000,0.10611163079738617,False,False,42
no_mass,motor_strength,moderate,0.81,9,38.7653923034668,1000,0.08544807881116867,False,False,42
no_mass,motor_strength,moderate,0.81,10,41.768272399902344,1000,0.055360157042741776,False,False,42
no_mass,motor_strength,moderate,0.81,11,38.93037033081055,1000,0.08349741995334625,False,False,42
no_mass,motor_strength,moderate,0.81,12,39.92082214355469,1000,0.07865186780691147,False,False,42
no_mass,motor_strength,moderate,0.81,13,40.60694122314453,1000,0.08600137382745743,False,False,42
no_mass,motor_strength,moderate,0.81,14,39.87928009033203,1000,0.09109184145927429,False,False,42
no_mass,motor_strength,moderate,0.81,15,37.67744827270508,1000,0.11556108295917511,False,False,42
no_mass,motor_strength,moderate,0.81,16,37.552734375,1000,0.14030063152313232,False,False,42
no_mass,motor_strength,moderate,0.81,17,41.4904670715332,1000,0.06450609117746353,False,False,42
no_mass,motor_strength,moderate,0.81,18,39.57478332519531,1000,0.10027731955051422,False,False,42
no_mass,motor_strength,moderate,0.81,19,38.69520950317383,1000,0.15791553258895874,False,False,42
no_mass,motor_strength,moderate,0.81,20,40.099388122558594,1000,0.08018044382333755,False,False,42
no_mass,motor_strength,moderate,0.81,21,39.939083099365234,1000,0.14387783408164978,False,False,42
no_mass,motor_strength,moderate,0.81,22,40.99930191040039,1000,0.06820471584796906,False,False,42
no_mass,motor_strength,moderate,0.81,23,41.369991302490234,1000,0.07475272566080093,False,False,42
no_mass,motor_strength,moderate,0.81,24,41.93037414550781,1000,0.056850630789995193,False,False,42
no_mass,motor_strength,moderate,0.81,25,41.52462387084961,1000,0.07732152193784714,False,False,42
no_mass,motor_strength,moderate,0.81,26,42.230201721191406,1000,0.05433589965105057,False,False,42
no_mass,motor_strength,moderate,0.81,27,40.515235900878906,1000,0.09166326373815536,False,False,42
no_mass,motor_strength,moderate,0.81,28,39.769779205322266,1000,0.07533910125494003,False,False,42
no_mass,motor_strength,moderate,0.81,29,41.27882766723633,1000,0.0680164024233818,False,False,42
no_motor_strength,motor_strength,moderate,0.81,0,41.809173583984375,1000,0.043894778937101364,False,False,42
no_motor_strength,motor_strength,moderate,0.81,1,40.10091781616211,1000,0.0738944336771965,False,False,42
no_motor_strength,motor_strength,moderate,0.81,2,41.489131927490234,1000,0.0423244871199131,False,False,42
no_motor_strength,motor_strength,moderate,0.81,3,41.9036750793457,1000,0.04534366354346275,False,False,42
no_motor_strength,motor_strength,moderate,0.81,4,40.83652114868164,1000,0.0464899018406868,False,False,42
no_motor_strength,motor_strength,moderate,0.81,5,40.50688552856445,1000,0.07513781636953354,False,False,42
no_motor_strength,motor_strength,moderate,0.81,6,40.16923904418945,1000,0.05404658243060112,False,False,42
no_motor_strength,motor_strength,moderate,0.81,7,38.98221206665039,1000,0.08584939688444138,False,False,42
no_motor_strength,motor_strength,moderate,0.81,8,41.66114807128906,1000,0.04713022708892822,False,False,42
no_motor_strength,motor_strength,moderate,0.81,9,39.525699615478516,1000,0.08025351166725159,False,False,42
no_motor_strength,motor_strength,moderate,0.81,10,41.200260162353516,1000,0.03788129240274429,False,False,42
no_motor_strength,motor_strength,moderate,0.81,11,39.54823303222656,1000,0.07938263565301895,False,False,42
no_motor_strength,motor_strength,moderate,0.81,12,40.12935256958008,1000,0.06640815734863281,False,False,42
no_motor_strength,motor_strength,moderate,0.81,13,40.6235237121582,1000,0.06069478765130043,False,False,42
no_motor_strength,motor_strength,moderate,0.81,14,40.33126449584961,1000,0.05147097259759903,False,False,42
no_motor_strength,motor_strength,moderate,0.81,15,38.415443420410156,1000,0.09336736053228378,False,False,42
no_motor_strength,motor_strength,moderate,0.81,16,39.2791633605957,1000,0.08597946166992188,False,False,42
no_motor_strength,motor_strength,moderate,0.81,17,41.63200759887695,1000,0.05591539666056633,False,False,42
no_motor_strength,motor_strength,moderate,0.81,18,39.8436164855957,1000,0.06423681229352951,False,False,42
no_motor_strength,motor_strength,moderate,0.81,19,40.679325103759766,1000,0.07016690820455551,False,False,42
no_motor_strength,motor_strength,moderate,0.81,20,39.94038772583008,1000,0.07671970874071121,False,False,42
no_motor_strength,motor_strength,moderate,0.81,21,42.42646789550781,1000,0.041528232395648956,False,False,42
no_motor_strength,motor_strength,moderate,0.81,22,40.689857482910156,1000,0.057827308773994446,False,False,42
no_motor_strength,motor_strength,moderate,0.81,23,41.163055419921875,1000,0.0557064563035965,False,False,42
no_motor_strength,motor_strength,moderate,0.81,24,39.39890670776367,1000,0.07509745657444,False,False,42
no_motor_strength,motor_strength,moderate,0.81,25,41.46113204956055,1000,0.042090512812137604,False,False,42
no_motor_strength,motor_strength,moderate,0.81,26,41.8859748840332,1000,0.041485778987407684,False,False,42
no_motor_strength,motor_strength,moderate,0.81,27,40.63921356201172,1000,0.057709019631147385,False,False,42
no_motor_strength,motor_strength,moderate,0.81,28,39.674781799316406,1000,0.0869903415441513,False,False,42
no_motor_strength,motor_strength,moderate,0.81,29,38.19805908203125,1000,0.12229825556278229,False,False,42
no_sensor_noise,motor_strength,moderate,0.81,0,42.536319732666016,1000,0.029790107160806656,False,False,42
no_sensor_noise,motor_strength,moderate,0.81,1,40.937950134277344,1000,0.07263269275426865,False,False,42
no_sensor_noise,motor_strength,moderate,0.81,2,41.61905288696289,1000,0.04252275824546814,False,False,42
no_sensor_noise,motor_strength,moderate,0.81,3,33.23672866821289,1000,0.13750611245632172,False,False,42
no_sensor_noise,motor_strength,moderate,0.81,4,41.417354583740234,1000,0.0594642199575901,False,False,42
no_sensor_noise,motor_strength,moderate,0.81,5,39.96531677246094,1000,0.06676150858402252,False,False,42
no_sensor_noise,motor_strength,moderate,0.81,6,40.558509826660156,1000,0.0541735514998436,False,False,42
no_sensor_noise,motor_strength,moderate,0.81,7,40.27042770385742,1000,0.06869834661483765,False,False,42
no_sensor_noise,motor_strength,moderate,0.81,8,41.39894485473633,1000,0.050923414528369904,False,False,42
no_sensor_noise,motor_strength,moderate,0.81,9,38.7650260925293,1000,0.06404417753219604,False,False,42
no_sensor_noise,motor_strength,moderate,0.81,10,42.1755256652832,1000,0.04384579509496689,False,False,42
no_sensor_noise,motor_strength,moderate,0.81,11,39.020870208740234,1000,0.0676250085234642,False,False,42
no_sensor_noise,motor_strength,moderate,0.81,12,40.17073440551758,1000,0.06897811591625214,False,False,42
no_sensor_noise,motor_strength,moderate,0.81,13,41.18647003173828,1000,0.06844967603683472,False,False,42
no_sensor_noise,motor_strength,moderate,0.81,14,40.437164306640625,1000,0.05185766518115997,False,False,42
no_sensor_noise,motor_strength,moderate,0.81,15,38.1273307800293,1000,0.08202403038740158,False,False,42
no_sensor_noise,motor_strength,moderate,0.81,16,38.51045608520508,1000,0.09070351719856262,False,False,42
no_sensor_noise,motor_strength,moderate,0.81,17,41.9096565246582,1000,0.057524822652339935,False,False,42
no_sensor_noise,motor_strength,moderate,0.81,18,40.750823974609375,1000,0.05531882867217064,False,False,42
no_sensor_noise,motor_strength,moderate,0.81,19,40.812164306640625,1000,0.08239609748125076,False,False,42
no_sensor_noise,motor_strength,moderate,0.81,20,39.99325942993164,1000,0.07835956662893295,False,False,42
no_sensor_noise,motor_strength,moderate,0.81,21,42.363006591796875,1000,0.0355701707303524,False,False,42
no_sensor_noise,motor_strength,moderate,0.81,22,41.118953704833984,1000,0.04725173860788345,False,False,42
no_sensor_noise,motor_strength,moderate,0.81,23,41.85674285888672,1000,0.054398540407419205,False,False,42
no_sensor_noise,motor_strength,moderate,0.81,24,39.585174560546875,1000,0.05832895264029503,False,False,42
no_sensor_noise,motor_strength,moderate,0.81,25,41.99346160888672,1000,0.042953554540872574,False,False,42
no_sensor_noise,motor_strength,moderate,0.81,26,42.49314880371094,1000,0.05142689123749733,False,False,42
no_sensor_noise,motor_strength,moderate,0.81,27,41.10542678833008,1000,0.05522057041525841,False,False,42
no_sensor_noise,motor_strength,moderate,0.81,28,39.17139434814453,1000,0.07211729139089584,False,False,42
no_sensor_noise,motor_strength,moderate,0.81,29,33.06209945678711,1000,0.13955888152122498,False,False,42
no_action_latency,motor_strength,moderate,0.81,0,42.5235595703125,1000,0.029642589390277863,False,False,42
no_action_latency,motor_strength,moderate,0.81,1,41.253639221191406,1000,0.05921413004398346,False,False,42
no_action_latency,motor_strength,moderate,0.81,2,42.10057830810547,1000,0.04412003234028816,False,False,42
no_action_latency,motor_strength,moderate,0.81,3,41.977054595947266,1000,0.056642159819602966,False,False,42
no_action_latency,motor_strength,moderate,0.81,4,41.5551643371582,1000,0.04332964867353439,False,False,42
no_action_latency,motor_strength,moderate,0.81,5,40.91999053955078,1000,0.05789482966065407,False,False,42
no_action_latency,motor_strength,moderate,0.81,6,40.922607421875,1000,0.05810970440506935,False,False,42
no_action_latency,motor_strength,moderate,0.81,7,41.134368896484375,1000,0.06299476325511932,False,False,42
no_action_latency,motor_strength,moderate,0.81,8,41.72445297241211,1000,0.05978897958993912,False,False,42
no_action_latency,motor_strength,moderate,0.81,9,40.310489654541016,1000,0.06743284314870834,False,False,42
no_action_latency,motor_strength,moderate,0.81,10,42.23887252807617,1000,0.03601465001702309,False,False,42
no_action_latency,motor_strength,moderate,0.81,11,40.5870246887207,1000,0.06434883922338486,False,False,42
no_action_latency,motor_strength,moderate,0.81,12,40.85124588012695,1000,0.06126662343740463,False,False,42
no_action_latency,motor_strength,moderate,0.81,13,41.46641159057617,1000,0.05395475775003433,False,False,42
no_action_latency,motor_strength,moderate,0.81,14,40.85757064819336,1000,0.05613342672586441,False,False,42
no_action_latency,motor_strength,moderate,0.81,15,38.996097564697266,1000,0.08536221086978912,False,False,42
no_action_latency,motor_strength,moderate,0.81,16,40.1270866394043,1000,0.08372475206851959,False,False,42
no_action_latency,motor_strength,moderate,0.81,17,42.19449234008789,1000,0.05897129327058792,False,False,42
no_action_latency,motor_strength,moderate,0.81,18,41.03459167480469,1000,0.055086713284254074,False,False,42
no_action_latency,motor_strength,moderate,0.81,19,41.635009765625,1000,0.05847066268324852,False,False,42
no_action_latency,motor_strength,moderate,0.81,20,40.768733978271484,1000,0.060105036944150925,False,False,42
no_action_latency,motor_strength,moderate,0.81,21,42.525386810302734,1000,0.04603487625718117,False,False,42
no_action_latency,motor_strength,moderate,0.81,22,28.101226806640625,1000,0.20736730098724365,False,False,42
no_action_latency,motor_strength,moderate,0.81,23,41.75028991699219,1000,0.04626965895295143,False,False,42
no_action_latency,motor_strength,moderate,0.81,24,39.09109115600586,1000,0.07021238654851913,False,False,42
no_action_latency,motor_strength,moderate,0.81,25,42.28038024902344,1000,0.03824910148978233,False,False,42
no_action_latency,motor_strength,moderate,0.81,26,42.5966682434082,1000,0.039416536688804626,False,False,42
no_action_latency,motor_strength,moderate,0.81,27,41.15299987792969,1000,0.05615149438381195,False,False,42
no_action_latency,motor_strength,moderate,0.81,28,40.54364013671875,1000,0.06698600202798843,False,False,42
no_action_latency,motor_strength,moderate,0.81,29,41.02699279785156,1000,0.050027232617139816,False,False,42
baseline_full_dr,motor_strength,hard,0.45,0,21.504188537597656,1000,0.362300843000412,False,False,42
baseline_full_dr,motor_strength,hard,0.45,1,21.430837631225586,1000,0.3362199068069458,False,False,42
baseline_full_dr,motor_strength,hard,0.45,2,27.057044982910156,1000,0.41138288378715515,False,False,42
baseline_full_dr,motor_strength,hard,0.45,3,17.410722732543945,1000,0.3820774555206299,False,False,42
baseline_full_dr,motor_strength,hard,0.45,4,17.25182342529297,1000,0.41497933864593506,False,False,42
baseline_full_dr,motor_strength,hard,0.45,5,0.36091116070747375,60,0.5774461030960083,True,False,42
baseline_full_dr,motor_strength,hard,0.45,6,21.657373428344727,1000,0.27515578269958496,False,False,42
baseline_full_dr,motor_strength,hard,0.45,7,23.568649291992188,1000,0.3624500036239624,False,False,42
baseline_full_dr,motor_strength,hard,0.45,8,25.227548599243164,1000,0.3119065761566162,False,False,42
baseline_full_dr,motor_strength,hard,0.45,9,16.589635848999023,1000,0.43821096420288086,False,False,42
baseline_full_dr,motor_strength,hard,0.45,10,23.191402435302734,1000,0.3235362768173218,False,False,42
baseline_full_dr,motor_strength,hard,0.45,11,10.242719650268555,558,0.3920539915561676,True,False,42
baseline_full_dr,motor_strength,hard,0.45,12,-0.32238444685935974,24,0.7666857838630676,True,False,42
baseline_full_dr,motor_strength,hard,0.45,13,24.401782989501953,1000,0.35528528690338135,False,False,42
baseline_full_dr,motor_strength,hard,0.45,14,0.01341911032795906,24,0.39374542236328125,True,False,42
baseline_full_dr,motor_strength,hard,0.45,15,-0.2980266809463501,44,0.7653350234031677,True,False,42
baseline_full_dr,motor_strength,hard,0.45,16,-1.2272249460220337,59,0.5491735935211182,True,False,42
baseline_full_dr,motor_strength,hard,0.45,17,25.054645538330078,1000,0.31487369537353516,False,False,42
baseline_full_dr,motor_strength,hard,0.45,18,8.727090835571289,510,0.3824915587902069,True,False,42
baseline_full_dr,motor_strength,hard,0.45,19,24.136125564575195,1000,0.29542338848114014,False,False,42
baseline_full_dr,motor_strength,hard,0.45,20,20.030914306640625,1000,0.3508758246898651,False,False,42
baseline_full_dr,motor_strength,hard,0.45,21,2.7966578006744385,89,0.14955736696720123,True,False,42
baseline_full_dr,motor_strength,hard,0.45,22,-0.2362435758113861,22,0.5396448373794556,True,False,42
baseline_full_dr,motor_strength,hard,0.45,23,12.244699478149414,565,0.39319363236427307,True,False,42
baseline_full_dr,motor_strength,hard,0.45,24,12.996654510498047,1000,0.5541556477546692,False,False,42
baseline_full_dr,motor_strength,hard,0.45,25,16.882431030273438,1000,0.38094842433929443,False,False,42
baseline_full_dr,motor_strength,hard,0.45,26,23.742229461669922,1000,0.30564799904823303,False,False,42
baseline_full_dr,motor_strength,hard,0.45,27,16.874692916870117,1000,0.4168587028980255,False,False,42
baseline_full_dr,motor_strength,hard,0.45,28,-0.09985291212797165,23,0.48783209919929504,True,False,42
baseline_full_dr,motor_strength,hard,0.45,29,22.52248191833496,1000,0.3349802494049072,False,False,42
no_friction,motor_strength,hard,0.45,0,0.48413071036338806,32,0.2313213050365448,True,False,42
no_friction,motor_strength,hard,0.45,1,0.4722091853618622,28,0.20984028279781342,True,False,42
no_friction,motor_strength,hard,0.45,2,1.593839168548584,61,0.23419468104839325,True,False,42
no_friction,motor_strength,hard,0.45,3,0.5134798884391785,28,0.17917795479297638,True,False,42
no_friction,motor_strength,hard,0.45,4,0.46981364488601685,128,0.643618106842041,True,False,42
no_friction,motor_strength,hard,0.45,5,-0.2378273755311966,26,0.5822550654411316,True,False,42
no_friction,motor_strength,hard,0.45,6,1.4844378232955933,62,0.2905704379081726,True,False,42
no_friction,motor_strength,hard,0.45,7,-0.17604035139083862,505,1.1414666175842285,True,False,42
no_friction,motor_strength,hard,0.45,8,0.5041000247001648,28,0.2127676159143448,True,False,42
no_friction,motor_strength,hard,0.45,9,-0.5209823846817017,26,0.9158582091331482,True,False,42
no_friction,motor_strength,hard,0.45,10,0.21913009881973267,38,0.4460638463497162,True,False,42
no_friction,motor_strength,hard,0.45,11,-0.3089660108089447,43,0.7314580678939819,True,False,42
no_friction,motor_strength,hard,0.45,12,-0.32253608107566833,29,0.7102602124214172,True,False,42
no_friction,motor_strength,hard,0.45,13,0.6850553154945374,40,0.2871645987033844,True,False,42
no_friction,motor_strength,hard,0.45,14,2.218010187149048,105,0.370358943939209,True,False,42
no_friction,motor_strength,hard,0.45,15,-0.4178067147731781,23,0.9013888239860535,True,False,42
no_friction,motor_strength,hard,0.45,16,0.21018370985984802,34,0.44383570551872253,True,False,42
no_friction,motor_strength,hard,0.45,17,0.07145554572343826,27,0.31152376532554626,True,False,42
no_friction,motor_strength,hard,0.45,18,-0.06351602077484131,33,0.6174049377441406,True,False,42
no_friction,motor_strength,hard,0.45,19,0.5365986227989197,31,0.19373562932014465,True,False,42
no_friction,motor_strength,hard,0.45,20,9.929282188415527,503,0.40420350432395935,True,False,42
no_friction,motor_strength,hard,0.45,21,0.5172674655914307,27,0.1622297316789627,True,False,42
no_friction,motor_strength,hard,0.45,22,0.5575885772705078,58,0.45565468072891235,True,False,42
no_friction,motor_strength,hard,0.45,23,0.7689828276634216,67,0.5214446187019348,True,False,42
no_friction,motor_strength,hard,0.45,24,15.406486511230469,558,0.15443016588687897,True,False,42
no_friction,motor_strength,hard,0.45,25,0.4654315710067749,28,0.18674325942993164,True,False,42
no_friction,motor_strength,hard,0.45,26,14.921905517578125,724,0.381313681602478,True,False,42
no_friction,motor_strength,hard,0.45,27,0.18536540865898132,47,0.5020845532417297,True,False,42
no_friction,motor_strength,hard,0.45,28,2.0378904342651367,523,0.7205347418785095,True,False,42
no_friction,motor_strength,hard,0.45,29,0.17701776325702667,40,0.44369038939476013,True,False,42
no_mass,motor_strength,hard,0.45,0,13.130568504333496,1000,0.5400104522705078,False,False,42
no_mass,motor_strength,hard,0.45,1,11.313605308532715,1000,0.49353697896003723,False,False,42
no_mass,motor_strength,hard,0.45,2,13.982526779174805,558,0.4024128019809723,True,False,42
no_mass,motor_strength,hard,0.45,3,11.891692161560059,1000,0.5673409104347229,False,False,42
no_mass,motor_strength,hard,0.45,4,20.1524715423584,1000,0.3217809498310089,False,False,42
no_mass,motor_strength,hard,0.45,5,-0.3771710991859436,25,0.7212004065513611,True,False,42
no_mass,motor_strength,hard,0.45,6,13.436765670776367,1000,0.5208170413970947,False,False,42
no_mass,motor_strength,hard,0.45,7,11.401082038879395,1000,0.5848249197006226,False,False,42
no_mass,motor_strength,hard,0.45,8,7.137292385101318,531,0.4631359577178955,True,False,42
no_mass,motor_strength,hard,0.45,9,-0.5952432751655579,27,1.0060007572174072,True,False,42
no_mass,motor_strength,hard,0.45,10,18.67327308654785,1000,0.46410924196243286,False,False,42
no_mass,motor_strength,hard,0.45,11,-0.14755961298942566,77,0.8860453963279724,True,False,42
no_mass,motor_strength,hard,0.45,12,-0.2367890626192093,27,0.7412066459655762,True,False,42
no_mass,motor_strength,hard,0.45,13,13.351072311401367,517,0.4145492911338806,True,False,42
no_mass,motor_strength,hard,0.45,14,20.5073299407959,1000,0.4034155309200287,False,False,42
no_mass,motor_strength,hard,0.45,15,11.337714195251465,1000,0.7066230177879333,False,False,42
no_mass,motor_strength,hard,0.45,16,4.748075008392334,527,0.8045287132263184,True,False,42
no_mass,motor_strength,hard,0.45,17,25.501487731933594,1000,0.36545291543006897,False,False,42
no_mass,motor_strength,hard,0.45,18,8.175545692443848,540,0.5667518973350525,True,False,42
no_mass,motor_strength,hard,0.45,19,15.644217491149902,505,0.2379077523946762,True,False,42
no_mass,motor_strength,hard,0.45,20,3.7906417846679688,520,0.5831618309020996,True,False,42
no_mass,motor_strength,hard,0.45,21,29.43301010131836,1000,0.2986932396888733,False,False,42
no_mass,motor_strength,hard,0.45,22,1.3527929782867432,1000,1.017242431640625,False,False,42
no_mass,motor_strength,hard,0.45,23,7.24999475479126,522,0.5444208383560181,True,False,42
no_mass,motor_strength,hard,0.45,24,5.817256927490234,1000,0.30702269077301025,False,False,42
no_mass,motor_strength,hard,0.45,25,5.506802082061768,1000,0.8277616500854492,False,False,42
no_mass,motor_strength,hard,0.45,26,16.181354522705078,1000,0.4652019441127777,False,False,42
no_mass,motor_strength,hard,0.45,27,1.018019437789917,512,0.8269683122634888,True,False,42
no_mass,motor_strength,hard,0.45,28,0.061061419546604156,42,0.5114176869392395,True,False,42
no_mass,motor_strength,hard,0.45,29,6.448716163635254,507,0.4200907051563263,True,False,42
no_motor_strength,motor_strength,hard,0.45,0,26.462223052978516,1000,0.3186042904853821,False,False,42
no_motor_strength,motor_strength,hard,0.45,1,8.223374366760254,549,0.4084826409816742,True,False,42
no_motor_strength,motor_strength,hard,0.45,2,30.794696807861328,1000,0.2813141345977783,False,False,42
no_motor_strength,motor_strength,hard,0.45,3,21.583972930908203,1000,0.32988840341567993,False,False,42
no_motor_strength,motor_strength,hard,0.45,4,9.469057083129883,509,0.45428547263145447,True,False,42
no_motor_strength,motor_strength,hard,0.45,5,0.2902676463127136,67,0.6376522183418274,True,False,42
no_motor_strength,motor_strength,hard,0.45,6,14.846872329711914,535,0.3199092447757721,True,False,42
no_motor_strength,motor_strength,hard,0.45,7,13.55782699584961,1000,0.6905626654624939,False,False,42
no_motor_strength,motor_strength,hard,0.45,8,18.289283752441406,1000,0.40165528655052185,False,False,42
no_motor_strength,motor_strength,hard,0.45,9,3.7252326011657715,279,0.6460045576095581,True,False,42
no_motor_strength,motor_strength,hard,0.45,10,0.39974573254585266,29,0.3522224426269531,True,False,42
no_motor_strength,motor_strength,hard,0.45,11,5.478531837463379,301,0.5087562203407288,True,False,42
no_motor_strength,motor_strength,hard,0.45,12,-0.07274772226810455,47,0.7129383683204651,True,False,42
no_motor_strength,motor_strength,hard,0.45,13,16.510887145996094,525,0.2701886296272278,True,False,42
no_motor_strength,motor_strength,hard,0.45,14,0.15555240213871002,25,0.32090485095977783,True,False,42
no_motor_strength,motor_strength,hard,0.45,15,-0.41958990693092346,35,0.9359379410743713,True,False,42
no_motor_strength,motor_strength,hard,0.45,16,-2.139235734939575,74,0.6768114566802979,True,False,42
no_motor_strength,motor_strength,hard,0.45,17,0.5493073463439941,31,0.2739947438240051,True,False,42
no_motor_strength,motor_strength,hard,0.45,18,-0.16031146049499512,24,0.6029573082923889,True,False,42
no_motor_strength,motor_strength,hard,0.45,19,0.8333526849746704,37,0.20795854926109314,True,False,42
no_motor_strength,motor_strength,hard,0.45,20,15.449115753173828,1000,0.5647590756416321,False,False,42
no_motor_strength,motor_strength,hard,0.45,21,32.59675979614258,1000,0.22807636857032776,False,False,42
no_motor_strength,motor_strength,hard,0.45,22,0.8575055003166199,75,0.4955405592918396,True,False,42
no_motor_strength,motor_strength,hard,0.45,23,31.364259719848633,1000,0.26293107867240906,False,False,42
no_motor_strength,motor_strength,hard,0.45,24,29.964754104614258,1000,0.23963676393032074,False,False,42
no_motor_strength,motor_strength,hard,0.45,25,0.5882996916770935,32,0.19325901567935944,True,False,42
no_motor_strength,motor_strength,hard,0.45,26,21.299083709716797,1000,0.363192617893219,False,False,42
no_motor_strength,motor_strength,hard,0.45,27,0.22360676527023315,67,0.5445763468742371,True,False,42
no_motor_strength,motor_strength,hard,0.45,28,-0.09882622212171555,26,0.5322890877723694,True,False,42
no_motor_strength,motor_strength,hard,0.45,29,6.221142768859863,1000,0.7659775614738464,False,False,42
no_sensor_noise,motor_strength,hard,0.45,0,26.66122055053711,1000,0.2983318567276001,False,False,42
no_sensor_noise,motor_strength,hard,0.45,1,3.0101587772369385,121,0.3001614511013031,True,False,42
no_sensor_noise,motor_strength,hard,0.45,2,32.16638946533203,1000,0.2570170760154724,False,False,42
no_sensor_noise,motor_strength,hard,0.45,3,1.2309225797653198,47,0.21261024475097656,True,False,42
no_sensor_noise,motor_strength,hard,0.45,4,12.79873275756836,510,0.36355555057525635,True,False,42
no_sensor_noise,motor_strength,hard,0.45,5,0.6096391677856445,112,0.6852186918258667,True,False,42
no_sensor_noise,motor_strength,hard,0.45,6,18.486698150634766,599,0.23815666139125824,True,False,42
no_sensor_noise,motor_strength,hard,0.45,7,28.00714874267578,1000,0.31802162528038025,False,False,42
no_sensor_noise,motor_strength,hard,0.45,8,-0.7687760591506958,137,0.35428932309150696,True,False,42
no_sensor_noise,motor_strength,hard,0.45,9,-0.20253238081932068,45,0.8632089495658875,True,False,42
no_sensor_noise,motor_strength,hard,0.45,10,32.02370071411133,1000,0.23043464124202728,False,False,42
no_sensor_noise,motor_strength,hard,0.45,11,6.852792739868164,539,0.5439592599868774,True,False,42
no_sensor_noise,motor_strength,hard,0.45,12,0.021010231226682663,40,0.6663795709609985,True,False,42
no_sensor_noise,motor_strength,hard,0.45,13,17.778047561645508,508,0.17026817798614502,True,False,42
no_sensor_noise,motor_strength,hard,0.45,14,17.239294052124023,509,0.2045748084783554,True,False,42
no_sensor_noise,motor_strength,hard,0.45,15,0.5708587169647217,80,0.6534570455551147,True,False,42
no_sensor_noise,motor_strength,hard,0.45,16,-1.2704355716705322,74,0.5783244371414185,True,False,42
no_sensor_noise,motor_strength,hard,0.45,17,27.60861587524414,1000,0.26922547817230225,False,False,42
no_sensor_noise,motor_strength,hard,0.45,18,0.17420616745948792,32,0.5345590710639954,True,False,42
no_sensor_noise,motor_strength,hard,0.45,19,0.9788224697113037,37,0.18266792595386505,True,False,42
no_sensor_noise,motor_strength,hard,0.45,20,23.75055503845215,1000,0.334861695766449,False,False,42
no_sensor_noise,motor_strength,hard,0.45,21,13.012939453125,374,0.22955462336540222,True,False,42
no_sensor_noise,motor_strength,hard,0.45,22,0.776509165763855,77,0.5396429300308228,True,False,42
no_sensor_noise,motor_strength,hard,0.45,23,23.42102813720703,1000,0.36127376556396484,False,False,42
no_sensor_noise,motor_strength,hard,0.45,24,33.02831268310547,1000,0.2015465348958969,False,False,42
no_sensor_noise,motor_strength,hard,0.45,25,24.969478607177734,1000,0.31153735518455505,False,False,42
no_sensor_noise,motor_strength,hard,0.45,26,18.270774841308594,583,0.24173790216445923,True,False,42
no_sensor_noise,motor_strength,hard,0.45,27,-12.67099380493164,1000,1.0662530660629272,False,False,42
no_sensor_noise,motor_strength,hard,0.45,28,0.39253541827201843,51,0.48234376311302185,True,False,42
no_sensor_noise,motor_strength,hard,0.45,29,28.119915008544922,1000,0.31987088918685913,False,False,42
no_action_latency,motor_strength,hard,0.45,0,34.32345962524414,1000,0.1801188886165619,False,False,42
no_action_latency,motor_strength,hard,0.45,1,26.305335998535156,1000,0.29382404685020447,False,False,42
no_action_latency,motor_strength,hard,0.45,2,2.568852663040161,1000,0.28700515627861023,False,False,42
no_action_latency,motor_strength,hard,0.45,3,25.875158309936523,1000,0.26920950412750244,False,False,42
no_action_latency,motor_strength,hard,0.45,4,18.409690856933594,710,0.31181469559669495,True,False,42
no_action_latency,motor_strength,hard,0.45,5,27.526641845703125,1000,0.3263084590435028,False,False,42
no_action_latency,motor_strength,hard,0.45,6,19.0305233001709,540,0.16063261032104492,True,False,42
no_action_latency,motor_strength,hard,0.45,7,30.37510871887207,1000,0.22845466434955597,False,False,42
no_action_latency,motor_strength,hard,0.45,8,26.926115036010742,1000,0.300957590341568,False,False,42
no_action_latency,motor_strength,hard,0.45,9,23.72915267944336,1000,0.3690894842147827,False,False,42
no_action_latency,motor_strength,hard,0.45,10,0.8613278865814209,57,0.41625791788101196,True,False,42
no_action_latency,motor_strength,hard,0.45,11,-2.448664426803589,101,0.97132807970047,True,False,42
no_action_latency,motor_strength,hard,0.45,12,15.554880142211914,608,0.3087051808834076,True,False,42
no_action_latency,motor_strength,hard,0.45,13,31.499774932861328,1000,0.18764276802539825,False,False,42
no_action_latency,motor_strength,hard,0.45,14,32.40277099609375,1000,0.20698527991771698,False,False,42
no_action_latency,motor_strength,hard,0.45,15,-0.28871387243270874,24,0.7501187920570374,True,False,42
no_action_latency,motor_strength,hard,0.45,16,30.32464027404785,1000,0.2579413652420044,False,False,42
no_action_latency,motor_strength,hard,0.45,17,0.932493269443512,42,0.2529379725456238,True,False,42
no_action_latency,motor_strength,hard,0.45,18,26.93780517578125,1000,0.24354052543640137,False,False,42
no_action_latency,motor_strength,hard,0.45,19,34.46346664428711,1000,0.21466463804244995,False,False,42
no_action_latency,motor_strength,hard,0.45,20,-2.282431125640869,101,0.7656639218330383,True,False,42
no_action_latency,motor_strength,hard,0.45,21,36.57583999633789,1000,0.2009195238351822,False,False,42
no_action_latency,motor_strength,hard,0.45,22,28.770597457885742,1000,0.2764175534248352,False,False,42
no_action_latency,motor_strength,hard,0.45,23,26.580663681030273,1000,0.31453362107276917,False,False,42
no_action_latency,motor_strength,hard,0.45,24,14.596549034118652,561,0.2594452202320099,True,False,42
no_action_latency,motor_strength,hard,0.45,25,31.272960662841797,1000,0.21357481181621552,False,False,42
no_action_latency,motor_strength,hard,0.45,26,4.342970848083496,129,0.16147151589393616,True,False,42
no_action_latency,motor_strength,hard,0.45,27,-2.0102384090423584,70,0.632837176322937,True,False,42
no_action_latency,motor_strength,hard,0.45,28,15.114532470703125,513,0.2994236946105957,True,False,42
no_action_latency,motor_strength,hard,0.45,29,31.098533630371094,1000,0.19188158214092255,False,False,42
baseline_full_dr,sensor_noise,moderate,1.1,0,41.366573333740234,1000,0.0553181953728199,False,False,42
baseline_full_dr,sensor_noise,moderate,1.1,1,39.8146858215332,1000,0.07923988252878189,False,False,42
baseline_full_dr,sensor_noise,moderate,1.1,2,41.228511810302734,1000,0.05697489157319069,False,False,42
baseline_full_dr,sensor_noise,moderate,1.1,3,39.693878173828125,1000,0.07645456492900848,False,False,42
baseline_full_dr,sensor_noise,moderate,1.1,4,41.57599639892578,1000,0.050603386014699936,False,False,42
baseline_full_dr,sensor_noise,moderate,1.1,5,40.32868194580078,1000,0.06565680354833603,False,False,42
baseline_full_dr,sensor_noise,moderate,1.1,6,40.78086853027344,1000,0.06500712037086487,False,False,42
baseline_full_dr,sensor_noise,moderate,1.1,7,40.02763366699219,1000,0.08109638839960098,False,False,42
baseline_full_dr,sensor_noise,moderate,1.1,8,40.86146926879883,1000,0.06266197562217712,False,False,42
baseline_full_dr,sensor_noise,moderate,1.1,9,39.01454544067383,1000,0.06694919615983963,False,False,42
baseline_full_dr,sensor_noise,moderate,1.1,10,41.137474060058594,1000,0.05888346955180168,False,False,42
baseline_full_dr,sensor_noise,moderate,1.1,11,38.91227340698242,1000,0.08030008524656296,False,False,42
baseline_full_dr,sensor_noise,moderate,1.1,12,37.36478805541992,1000,0.09638731926679611,False,False,42
baseline_full_dr,sensor_noise,moderate,1.1,13,39.44272994995117,1000,0.07873602211475372,False,False,42
baseline_full_dr,sensor_noise,moderate,1.1,14,40.38491439819336,1000,0.06716447323560715,False,False,42
baseline_full_dr,sensor_noise,moderate,1.1,15,38.475677490234375,1000,0.08262667059898376,False,False,42
baseline_full_dr,sensor_noise,moderate,1.1,16,40.02476501464844,1000,0.07024691253900528,False,False,42
baseline_full_dr,sensor_noise,moderate,1.1,17,42.1750373840332,1000,0.03959335386753082,False,False,42
baseline_full_dr,sensor_noise,moderate,1.1,18,39.46265411376953,1000,0.07791446149349213,False,False,42
baseline_full_dr,sensor_noise,moderate,1.1,19,41.35758972167969,1000,0.07726708054542542,False,False,42
baseline_full_dr,sensor_noise,moderate,1.1,20,38.505741119384766,1000,0.0882490873336792,False,False,42
baseline_full_dr,sensor_noise,moderate,1.1,21,40.840389251708984,1000,0.06138225272297859,False,False,42
baseline_full_dr,sensor_noise,moderate,1.1,22,40.279056549072266,1000,0.0758395567536354,False,False,42
baseline_full_dr,sensor_noise,moderate,1.1,23,41.01118850708008,1000,0.05103742331266403,False,False,42
baseline_full_dr,sensor_noise,moderate,1.1,24,40.40731430053711,1000,0.06398621946573257,False,False,42
baseline_full_dr,sensor_noise,moderate,1.1,25,41.95744705200195,1000,0.04702024906873703,False,False,42
baseline_full_dr,sensor_noise,moderate,1.1,26,40.975406646728516,1000,0.0702212005853653,False,False,42
baseline_full_dr,sensor_noise,moderate,1.1,27,39.21848678588867,1000,0.06550436466932297,False,False,42
baseline_full_dr,sensor_noise,moderate,1.1,28,40.40147018432617,1000,0.06532623618841171,False,False,42
baseline_full_dr,sensor_noise,moderate,1.1,29,40.31427764892578,1000,0.07227019965648651,False,False,42
no_friction,sensor_noise,moderate,1.1,0,40.591392517089844,1000,0.06666228920221329,False,False,42
no_friction,sensor_noise,moderate,1.1,1,39.17982482910156,1000,0.07215586304664612,False,False,42
no_friction,sensor_noise,moderate,1.1,2,40.43346405029297,1000,0.07186617702245712,False,False,42
no_friction,sensor_noise,moderate,1.1,3,39.11805725097656,1000,0.07030039280653,False,False,42
no_friction,sensor_noise,moderate,1.1,4,41.265777587890625,1000,0.04989276081323624,False,False,42
no_friction,sensor_noise,moderate,1.1,5,40.03508377075195,1000,0.07148775458335876,False,False,42
no_friction,sensor_noise,moderate,1.1,6,40.89298629760742,1000,0.05434168130159378,False,False,42
no_friction,sensor_noise,moderate,1.1,7,39.55734634399414,1000,0.0798434466123581,False,False,42
no_friction,sensor_noise,moderate,1.1,8,40.12520980834961,1000,0.07281672954559326,False,False,42
no_friction,sensor_noise,moderate,1.1,9,37.810604095458984,1000,0.08822151273488998,False,False,42
no_friction,sensor_noise,moderate,1.1,10,40.60201644897461,1000,0.061924077570438385,False,False,42
no_friction,sensor_noise,moderate,1.1,11,38.76220703125,1000,0.08084680885076523,False,False,42
no_friction,sensor_noise,moderate,1.1,12,37.10042190551758,1000,0.10440362244844437,False,False,42
no_friction,sensor_noise,moderate,1.1,13,39.18751525878906,1000,0.08347833901643753,False,False,42
no_friction,sensor_noise,moderate,1.1,14,40.085330963134766,1000,0.06841107457876205,False,False,42
no_friction,sensor_noise,moderate,1.1,15,38.54388427734375,1000,0.08540208637714386,False,False,42
no_friction,sensor_noise,moderate,1.1,16,39.79056930541992,1000,0.07678956538438797,False,False,42
no_friction,sensor_noise,moderate,1.1,17,41.68828201293945,1000,0.043956298381090164,False,False,42
no_friction,sensor_noise,moderate,1.1,18,39.48276138305664,1000,0.08086086809635162,False,False,42
no_friction,sensor_noise,moderate,1.1,19,40.69892501831055,1000,0.0845227837562561,False,False,42
no_friction,sensor_noise,moderate,1.1,20,38.737022399902344,1000,0.09024637192487717,False,False,42
no_friction,sensor_noise,moderate,1.1,21,40.246822357177734,1000,0.06137210503220558,False,False,42
no_friction,sensor_noise,moderate,1.1,22,40.0380744934082,1000,0.0687776431441307,False,False,42
no_friction,sensor_noise,moderate,1.1,23,40.629417419433594,1000,0.06164180114865303,False,False,42
no_friction,sensor_noise,moderate,1.1,24,39.152137756347656,1000,0.06922929733991623,False,False,42
no_friction,sensor_noise,moderate,1.1,25,41.60610580444336,1000,0.042447324842214584,False,False,42
no_friction,sensor_noise,moderate,1.1,26,39.803123474121094,1000,0.07650167495012283,False,False,42
no_friction,sensor_noise,moderate,1.1,27,39.38410949707031,1000,0.07277465611696243,False,False,42
no_friction,sensor_noise,moderate,1.1,28,39.98920440673828,1000,0.0716046690940857,False,False,42
no_friction,sensor_noise,moderate,1.1,29,39.56801223754883,1000,0.07509955763816833,False,False,42
no_mass,sensor_noise,moderate,1.1,0,41.41000747680664,1000,0.0533883199095726,False,False,42
no_mass,sensor_noise,moderate,1.1,1,40.09867477416992,1000,0.07795935124158859,False,False,42
no_mass,sensor_noise,moderate,1.1,2,41.22036361694336,1000,0.06165212765336037,False,False,42
no_mass,sensor_noise,moderate,1.1,3,37.737667083740234,1000,0.1320638358592987,False,False,42
no_mass,sensor_noise,moderate,1.1,4,41.48171615600586,1000,0.052303679287433624,False,False,42
no_mass,sensor_noise,moderate,1.1,5,40.277252197265625,1000,0.06345824897289276,False,False,42
no_mass,sensor_noise,moderate,1.1,6,41.22959518432617,1000,0.043478045612573624,False,False,42
no_mass,sensor_noise,moderate,1.1,7,40.253807067871094,1000,0.07363355159759521,False,False,42
no_mass,sensor_noise,moderate,1.1,8,40.90917205810547,1000,0.056704889982938766,False,False,42
no_mass,sensor_noise,moderate,1.1,9,39.089839935302734,1000,0.07542810589075089,False,False,42
no_mass,sensor_noise,moderate,1.1,10,41.105377197265625,1000,0.06165170297026634,False,False,42
no_mass,sensor_noise,moderate,1.1,11,39.259517669677734,1000,0.07613728940486908,False,False,42
no_mass,sensor_noise,moderate,1.1,12,37.731910705566406,1000,0.07910919934511185,False,False,42
no_mass,sensor_noise,moderate,1.1,13,39.84794616699219,1000,0.05754929035902023,False,False,42
no_mass,sensor_noise,moderate,1.1,14,40.79365539550781,1000,0.05575377121567726,False,False,42
no_mass,sensor_noise,moderate,1.1,15,38.6116943359375,1000,0.07413613051176071,False,False,42
no_mass,sensor_noise,moderate,1.1,16,40.72893142700195,1000,0.06685088574886322,False,False,42
no_mass,sensor_noise,moderate,1.1,17,42.29750442504883,1000,0.03887262940406799,False,False,42
no_mass,sensor_noise,moderate,1.1,18,40.09914016723633,1000,0.06005869805812836,False,False,42
no_mass,sensor_noise,moderate,1.1,19,39.32991027832031,1000,0.13504883646965027,False,False,42
no_mass,sensor_noise,moderate,1.1,20,39.07210159301758,1000,0.05889960378408432,False,False,42
no_mass,sensor_noise,moderate,1.1,21,39.686641693115234,1000,0.11975175887346268,False,False,42
no_mass,sensor_noise,moderate,1.1,22,39.22817611694336,1000,0.0997525006532669,False,False,42
no_mass,sensor_noise,moderate,1.1,23,41.17228317260742,1000,0.051744792610406876,False,False,42
no_mass,sensor_noise,moderate,1.1,24,41.29025650024414,1000,0.05193158984184265,False,False,42
no_mass,sensor_noise,moderate,1.1,25,41.93708038330078,1000,0.048208899796009064,False,False,42
no_mass,sensor_noise,moderate,1.1,26,40.65165710449219,1000,0.07812388241291046,False,False,42
no_mass,sensor_noise,moderate,1.1,27,40.15944290161133,1000,0.061196401715278625,False,False,42
no_mass,sensor_noise,moderate,1.1,28,40.643184661865234,1000,0.05580395460128784,False,False,42
no_mass,sensor_noise,moderate,1.1,29,40.396549224853516,1000,0.064026840031147,False,False,42
no_motor_strength,sensor_noise,moderate,1.1,0,40.85335922241211,1000,0.05249856412410736,False,False,42
no_motor_strength,sensor_noise,moderate,1.1,1,39.553165435791016,1000,0.07706861943006516,False,False,42
no_motor_strength,sensor_noise,moderate,1.1,2,40.73063278198242,1000,0.062032077461481094,False,False,42
no_motor_strength,sensor_noise,moderate,1.1,3,39.852760314941406,1000,0.05830967798829079,False,False,42
no_motor_strength,sensor_noise,moderate,1.1,4,40.9236946105957,1000,0.06278084963560104,False,False,42
no_motor_strength,sensor_noise,moderate,1.1,5,40.454620361328125,1000,0.06116465479135513,False,False,42
no_motor_strength,sensor_noise,moderate,1.1,6,41.20302963256836,1000,0.044543296098709106,False,False,42
no_motor_strength,sensor_noise,moderate,1.1,7,39.814300537109375,1000,0.07451914250850677,False,False,42
no_motor_strength,sensor_noise,moderate,1.1,8,40.02471160888672,1000,0.06307832151651382,False,False,42
no_motor_strength,sensor_noise,moderate,1.1,9,38.93749237060547,1000,0.07633262872695923,False,False,42
no_motor_strength,sensor_noise,moderate,1.1,10,40.75615692138672,1000,0.05224227532744408,False,False,42
no_motor_strength,sensor_noise,moderate,1.1,11,39.11711502075195,1000,0.06716788560152054,False,False,42
no_motor_strength,sensor_noise,moderate,1.1,12,37.48346710205078,1000,0.09368396550416946,False,False,42
no_motor_strength,sensor_noise,moderate,1.1,13,39.42832565307617,1000,0.07296700030565262,False,False,42
no_motor_strength,sensor_noise,moderate,1.1,14,40.45769500732422,1000,0.05518246814608574,False,False,42
no_motor_strength,sensor_noise,moderate,1.1,15,38.65400695800781,1000,0.0795147493481636,False,False,42
no_motor_strength,sensor_noise,moderate,1.1,16,40.15610885620117,1000,0.0657719075679779,False,False,42
no_motor_strength,sensor_noise,moderate,1.1,17,41.75712203979492,1000,0.03838229551911354,False,False,42
no_motor_strength,sensor_noise,moderate,1.1,18,39.70199966430664,1000,0.06145487353205681,False,False,42
no_motor_strength,sensor_noise,moderate,1.1,19,41.66111373901367,1000,0.04781964421272278,False,False,42
no_motor_strength,sensor_noise,moderate,1.1,20,38.79562759399414,1000,0.0799063965678215,False,False,42
no_motor_strength,sensor_noise,moderate,1.1,21,40.825382232666016,1000,0.05921703204512596,False,False,42
no_motor_strength,sensor_noise,moderate,1.1,22,40.75993728637695,1000,0.051042016595602036,False,False,42
no_motor_strength,sensor_noise,moderate,1.1,23,40.48017883300781,1000,0.055654507130384445,False,False,42
no_motor_strength,sensor_noise,moderate,1.1,24,39.506778717041016,1000,0.07929051667451859,False,False,42
no_motor_strength,sensor_noise,moderate,1.1,25,41.627540588378906,1000,0.04232450947165489,False,False,42
no_motor_strength,sensor_noise,moderate,1.1,26,40.42317199707031,1000,0.05985555797815323,False,False,42
no_motor_strength,sensor_noise,moderate,1.1,27,39.60511016845703,1000,0.06458467245101929,False,False,42
no_motor_strength,sensor_noise,moderate,1.1,28,40.27068328857422,1000,0.061216626316308975,False,False,42
no_motor_strength,sensor_noise,moderate,1.1,29,40.13898849487305,1000,0.06702082604169846,False,False,42
no_sensor_noise,sensor_noise,moderate,1.1,0,40.52347946166992,1000,0.053379058837890625,False,False,42
no_sensor_noise,sensor_noise,moderate,1.1,1,39.32355499267578,1000,0.07013016939163208,False,False,42
no_sensor_noise,sensor_noise,moderate,1.1,2,40.530067443847656,1000,0.05541858449578285,False,False,42
no_sensor_noise,sensor_noise,moderate,1.1,3,38.93628692626953,1000,0.0687689408659935,False,False,42
no_sensor_noise,sensor_noise,moderate,1.1,4,40.80261993408203,1000,0.05370951071381569,False,False,42
no_sensor_noise,sensor_noise,moderate,1.1,5,39.33818435668945,1000,0.06185190752148628,False,False,42
no_sensor_noise,sensor_noise,moderate,1.1,6,39.91621398925781,1000,0.04944084957242012,False,False,42
no_sensor_noise,sensor_noise,moderate,1.1,7,39.194942474365234,1000,0.07796715199947357,False,False,42
no_sensor_noise,sensor_noise,moderate,1.1,8,39.68766784667969,1000,0.06707935780286789,False,False,42
no_sensor_noise,sensor_noise,moderate,1.1,9,38.06131362915039,1000,0.07360520958900452,False,False,42
no_sensor_noise,sensor_noise,moderate,1.1,10,40.07927322387695,1000,0.057773809880018234,False,False,42
no_sensor_noise,sensor_noise,moderate,1.1,11,38.45623779296875,1000,0.07097131013870239,False,False,42
no_sensor_noise,sensor_noise,moderate,1.1,12,36.460205078125,1000,0.08132611215114594,False,False,42
no_sensor_noise,sensor_noise,moderate,1.1,13,38.70752716064453,1000,0.07340238243341446,False,False,42
no_sensor_noise,sensor_noise,moderate,1.1,14,39.74863815307617,1000,0.062390148639678955,False,False,42
no_sensor_noise,sensor_noise,moderate,1.1,15,37.60934829711914,1000,0.07306873053312302,False,False,42
no_sensor_noise,sensor_noise,moderate,1.1,16,39.487213134765625,1000,0.06749626994132996,False,False,42
no_sensor_noise,sensor_noise,moderate,1.1,17,40.981346130371094,1000,0.043630149215459824,False,False,42
no_sensor_noise,sensor_noise,moderate,1.1,18,38.82535171508789,1000,0.060589056462049484,False,False,42
no_sensor_noise,sensor_noise,moderate,1.1,19,40.81247329711914,1000,0.058583784848451614,False,False,42
no_sensor_noise,sensor_noise,moderate,1.1,20,38.39210891723633,1000,0.07085896283388138,False,False,42
no_sensor_noise,sensor_noise,moderate,1.1,21,40.17109680175781,1000,0.055926062166690826,False,False,42
no_sensor_noise,sensor_noise,moderate,1.1,22,28.19156265258789,1000,0.1433427929878235,False,False,42
no_sensor_noise,sensor_noise,moderate,1.1,23,40.28718185424805,1000,0.06356187164783478,False,False,42
no_sensor_noise,sensor_noise,moderate,1.1,24,39.122039794921875,1000,0.06343136727809906,False,False,42
no_sensor_noise,sensor_noise,moderate,1.1,25,41.267433166503906,1000,0.03896095231175423,False,False,42
no_sensor_noise,sensor_noise,moderate,1.1,26,40.28599166870117,1000,0.06004476547241211,False,False,42
no_sensor_noise,sensor_noise,moderate,1.1,27,38.70501708984375,1000,0.06698258221149445,False,False,42
no_sensor_noise,sensor_noise,moderate,1.1,28,39.526607513427734,1000,0.06450489163398743,False,False,42
no_sensor_noise,sensor_noise,moderate,1.1,29,39.747833251953125,1000,0.0638716071844101,False,False,42
no_action_latency,sensor_noise,moderate,1.1,0,41.41645812988281,1000,0.04844684153795242,False,False,42
no_action_latency,sensor_noise,moderate,1.1,1,39.87437438964844,1000,0.07748839259147644,False,False,42
no_action_latency,sensor_noise,moderate,1.1,2,41.24561309814453,1000,0.054233551025390625,False,False,42
no_action_latency,sensor_noise,moderate,1.1,3,40.06591033935547,1000,0.07237718999385834,False,False,42
no_action_latency,sensor_noise,moderate,1.1,4,41.35184097290039,1000,0.05595193803310394,False,False,42
no_action_latency,sensor_noise,moderate,1.1,5,40.49432373046875,1000,0.062407806515693665,False,False,42
no_action_latency,sensor_noise,moderate,1.1,6,41.03186798095703,1000,0.05601812154054642,False,False,42
no_action_latency,sensor_noise,moderate,1.1,7,40.27461624145508,1000,0.07329253852367401,False,False,42
no_action_latency,sensor_noise,moderate,1.1,8,40.84553146362305,1000,0.05897539108991623,False,False,42
no_action_latency,sensor_noise,moderate,1.1,9,39.907554626464844,1000,0.06843192875385284,False,False,42
no_action_latency,sensor_noise,moderate,1.1,10,41.16064453125,1000,0.057451281696558,False,False,42
no_action_latency,sensor_noise,moderate,1.1,11,39.85434341430664,1000,0.07204703986644745,False,False,42
no_action_latency,sensor_noise,moderate,1.1,12,38.821144104003906,1000,0.07636500895023346,False,False,42
no_action_latency,sensor_noise,moderate,1.1,13,40.091758728027344,1000,0.06311837583780289,False,False,42
no_action_latency,sensor_noise,moderate,1.1,14,40.673431396484375,1000,0.06033311411738396,False,False,42
no_action_latency,sensor_noise,moderate,1.1,15,39.229331970214844,1000,0.07001978904008865,False,False,42
no_action_latency,sensor_noise,moderate,1.1,16,40.705142974853516,1000,0.06157044693827629,False,False,42
no_action_latency,sensor_noise,moderate,1.1,17,42.14956283569336,1000,0.04422946274280548,False,False,42
no_action_latency,sensor_noise,moderate,1.1,18,40.33573913574219,1000,0.05845073610544205,False,False,42
no_action_latency,sensor_noise,moderate,1.1,19,41.41202163696289,1000,0.060370709747076035,False,False,42
no_action_latency,sensor_noise,moderate,1.1,20,39.89975357055664,1000,0.0643429160118103,False,False,42
no_action_latency,sensor_noise,moderate,1.1,21,40.81569290161133,1000,0.06066909804940224,False,False,42
no_action_latency,sensor_noise,moderate,1.1,22,40.57064437866211,1000,0.06398946046829224,False,False,42
no_action_latency,sensor_noise,moderate,1.1,23,40.705039978027344,1000,0.05676465481519699,False,False,42
no_action_latency,sensor_noise,moderate,1.1,24,39.816505432128906,1000,0.07433189451694489,False,False,42
no_action_latency,sensor_noise,moderate,1.1,25,41.83737564086914,1000,0.04261615872383118,False,False,42
no_action_latency,sensor_noise,moderate,1.1,26,40.83875274658203,1000,0.06527462601661682,False,False,42
no_action_latency,sensor_noise,moderate,1.1,27,40.1300048828125,1000,0.059598132967948914,False,False,42
no_action_latency,sensor_noise,moderate,1.1,28,40.61479949951172,1000,0.06058038771152496,False,False,42
no_action_latency,sensor_noise,moderate,1.1,29,40.47539138793945,1000,0.06138043850660324,False,False,42
baseline_full_dr,sensor_noise,hard,1.5,0,40.87086486816406,1000,0.058349281549453735,False,False,42
baseline_full_dr,sensor_noise,hard,1.5,1,39.496341705322266,1000,0.07816050201654434,False,False,42
baseline_full_dr,sensor_noise,hard,1.5,2,40.54414749145508,1000,0.062960684299469,False,False,42
baseline_full_dr,sensor_noise,hard,1.5,3,39.026947021484375,1000,0.07890184968709946,False,False,42
baseline_full_dr,sensor_noise,hard,1.5,4,40.921504974365234,1000,0.05528980866074562,False,False,42
baseline_full_dr,sensor_noise,hard,1.5,5,39.68364334106445,1000,0.06961782276630402,False,False,42
baseline_full_dr,sensor_noise,hard,1.5,6,40.1429443359375,1000,0.0698961466550827,False,False,42
baseline_full_dr,sensor_noise,hard,1.5,7,39.398868560791016,1000,0.08435774594545364,False,False,42
baseline_full_dr,sensor_noise,hard,1.5,8,40.20930099487305,1000,0.06566806882619858,False,False,42
baseline_full_dr,sensor_noise,hard,1.5,9,38.43291473388672,1000,0.07287726551294327,False,False,42
baseline_full_dr,sensor_noise,hard,1.5,10,40.5159797668457,1000,0.06257812678813934,False,False,42
baseline_full_dr,sensor_noise,hard,1.5,11,38.55674362182617,1000,0.08430331200361252,False,False,42
baseline_full_dr,sensor_noise,hard,1.5,12,36.80339813232422,1000,0.09578987956047058,False,False,42
baseline_full_dr,sensor_noise,hard,1.5,13,39.03993606567383,1000,0.07867792248725891,False,False,42
baseline_full_dr,sensor_noise,hard,1.5,14,39.750797271728516,1000,0.07148558646440506,False,False,42
baseline_full_dr,sensor_noise,hard,1.5,15,37.876075744628906,1000,0.08586269617080688,False,False,42
baseline_full_dr,sensor_noise,hard,1.5,16,39.69607162475586,1000,0.07104924321174622,False,False,42
baseline_full_dr,sensor_noise,hard,1.5,17,41.58954620361328,1000,0.04598226770758629,False,False,42
baseline_full_dr,sensor_noise,hard,1.5,18,38.9744873046875,1000,0.07875845581293106,False,False,42
baseline_full_dr,sensor_noise,hard,1.5,19,40.84864807128906,1000,0.07959406822919846,False,False,42
baseline_full_dr,sensor_noise,hard,1.5,20,37.968231201171875,1000,0.0915788784623146,False,False,42
baseline_full_dr,sensor_noise,hard,1.5,21,40.216800689697266,1000,0.06260988116264343,False,False,42
baseline_full_dr,sensor_noise,hard,1.5,22,39.705284118652344,1000,0.07666929811239243,False,False,42
baseline_full_dr,sensor_noise,hard,1.5,23,40.416107177734375,1000,0.05517285317182541,False,False,42
baseline_full_dr,sensor_noise,hard,1.5,24,39.80836868286133,1000,0.0670868530869484,False,False,42
baseline_full_dr,sensor_noise,hard,1.5,25,41.23193359375,1000,0.052764132618904114,False,False,42
baseline_full_dr,sensor_noise,hard,1.5,26,40.40547180175781,1000,0.07445046305656433,False,False,42
baseline_full_dr,sensor_noise,hard,1.5,27,38.7668571472168,1000,0.06527716666460037,False,False,42
baseline_full_dr,sensor_noise,hard,1.5,28,39.93134307861328,1000,0.06460705399513245,False,False,42
baseline_full_dr,sensor_noise,hard,1.5,29,39.592594146728516,1000,0.0766303688287735,False,False,42
no_friction,sensor_noise,hard,1.5,0,40.054691314697266,1000,0.06553158909082413,False,False,42
no_friction,sensor_noise,hard,1.5,1,38.42131042480469,1000,0.07862962037324905,False,False,42
no_friction,sensor_noise,hard,1.5,2,39.94772720336914,1000,0.07120414078235626,False,False,42
no_friction,sensor_noise,hard,1.5,3,38.689857482910156,1000,0.07376082241535187,False,False,42
no_friction,sensor_noise,hard,1.5,4,40.681983947753906,1000,0.05358137562870979,False,False,42
no_friction,sensor_noise,hard,1.5,5,39.63637924194336,1000,0.07043329626321793,False,False,42
no_friction,sensor_noise,hard,1.5,6,40.43645477294922,1000,0.055877141654491425,False,False,42
no_friction,sensor_noise,hard,1.5,7,39.03917694091797,1000,0.07792147248983383,False,False,42
no_friction,sensor_noise,hard,1.5,8,39.47884750366211,1000,0.0762324184179306,False,False,42
no_friction,sensor_noise,hard,1.5,9,37.31748580932617,1000,0.09201260656118393,False,False,42
no_friction,sensor_noise,hard,1.5,10,40.091392517089844,1000,0.06350229680538177,False,False,42
no_friction,sensor_noise,hard,1.5,11,38.32218551635742,1000,0.08270293474197388,False,False,42
no_friction,sensor_noise,hard,1.5,12,36.836246490478516,1000,0.10387173295021057,False,False,42
no_friction,sensor_noise,hard,1.5,13,38.690006256103516,1000,0.08358857780694962,False,False,42
no_friction,sensor_noise,hard,1.5,14,39.67005920410156,1000,0.06810979545116425,False,False,42
no_friction,sensor_noise,hard,1.5,15,38.18996810913086,1000,0.08447827398777008,False,False,42
no_friction,sensor_noise,hard,1.5,16,39.396244049072266,1000,0.07888493686914444,False,False,42
no_friction,sensor_noise,hard,1.5,17,41.010982513427734,1000,0.049331020563840866,False,False,42
no_friction,sensor_noise,hard,1.5,18,39.14442825317383,1000,0.07932084053754807,False,False,42
no_friction,sensor_noise,hard,1.5,19,39.90957260131836,1000,0.09619657695293427,False,False,42
no_friction,sensor_noise,hard,1.5,20,38.31429672241211,1000,0.09101563692092896,False,False,42
no_friction,sensor_noise,hard,1.5,21,39.74775695800781,1000,0.06374301016330719,False,False,42
no_friction,sensor_noise,hard,1.5,22,39.933902740478516,1000,0.06488563865423203,False,False,42
no_friction,sensor_noise,hard,1.5,23,40.05343246459961,1000,0.06409615278244019,False,False,42
no_friction,sensor_noise,hard,1.5,24,38.798072814941406,1000,0.06893620640039444,False,False,42
no_friction,sensor_noise,hard,1.5,25,41.01758575439453,1000,0.04621393233537674,False,False,42
no_friction,sensor_noise,hard,1.5,26,39.40620803833008,1000,0.07341456413269043,False,False,42
no_friction,sensor_noise,hard,1.5,27,39.05363082885742,1000,0.07054131478071213,False,False,42
no_friction,sensor_noise,hard,1.5,28,39.55416488647461,1000,0.07098857313394547,False,False,42
no_friction,sensor_noise,hard,1.5,29,39.075557708740234,1000,0.07685763388872147,False,False,42
no_mass,sensor_noise,hard,1.5,0,40.85033416748047,1000,0.057243816554546356,False,False,42
no_mass,sensor_noise,hard,1.5,1,39.471435546875,1000,0.08172854781150818,False,False,42
no_mass,sensor_noise,hard,1.5,2,40.735652923583984,1000,0.06312891095876694,False,False,42
no_mass,sensor_noise,hard,1.5,3,37.72651290893555,1000,0.127999410033226,False,False,42
no_mass,sensor_noise,hard,1.5,4,41.08046340942383,1000,0.05675499513745308,False,False,42
no_mass,sensor_noise,hard,1.5,5,39.68233871459961,1000,0.06506336480379105,False,False,42
no_mass,sensor_noise,hard,1.5,6,40.672367095947266,1000,0.048583369702100754,False,False,42
no_mass,sensor_noise,hard,1.5,7,39.53609848022461,1000,0.08050490915775299,False,False,42
no_mass,sensor_noise,hard,1.5,8,40.30343246459961,1000,0.058598536998033524,False,False,42
no_mass,sensor_noise,hard,1.5,9,38.540000915527344,1000,0.07765592634677887,False,False,42
no_mass,sensor_noise,hard,1.5,10,40.53488540649414,1000,0.06587176769971848,False,False,42
no_mass,sensor_noise,hard,1.5,11,39.0119514465332,1000,0.07703396677970886,False,False,42
no_mass,sensor_noise,hard,1.5,12,37.34976577758789,1000,0.08031130582094193,False,False,42
no_mass,sensor_noise,hard,1.5,13,39.4815788269043,1000,0.059854067862033844,False,False,42
no_mass,sensor_noise,hard,1.5,14,40.30080032348633,1000,0.05935714393854141,False,False,42
no_mass,sensor_noise,hard,1.5,15,38.115970611572266,1000,0.075991690158844,False,False,42
no_mass,sensor_noise,hard,1.5,16,40.15318298339844,1000,0.06670309603214264,False,False,42
no_mass,sensor_noise,hard,1.5,17,41.84340286254883,1000,0.044426266103982925,False,False,42
no_mass,sensor_noise,hard,1.5,18,39.52783966064453,1000,0.06233372911810875,False,False,42
no_mass,sensor_noise,hard,1.5,19,38.81726837158203,1000,0.1382395327091217,False,False,42
no_mass,sensor_noise,hard,1.5,20,38.44016647338867,1000,0.0646209642291069,False,False,42
no_mass,sensor_noise,hard,1.5,21,39.52793502807617,1000,0.11033895611763,False,False,42
no_mass,sensor_noise,hard,1.5,22,38.73002624511719,1000,0.10475326329469681,False,False,42
no_mass,sensor_noise,hard,1.5,23,40.67851257324219,1000,0.05535941570997238,False,False,42
no_mass,sensor_noise,hard,1.5,24,40.75722885131836,1000,0.05557026341557503,False,False,42
no_mass,sensor_noise,hard,1.5,25,41.377315521240234,1000,0.05314668267965317,False,False,42
no_mass,sensor_noise,hard,1.5,26,40.210289001464844,1000,0.07971713691949844,False,False,42
no_mass,sensor_noise,hard,1.5,27,39.69405746459961,1000,0.06404954940080643,False,False,42
no_mass,sensor_noise,hard,1.5,28,40.0723876953125,1000,0.058890797197818756,False,False,42
no_mass,sensor_noise,hard,1.5,29,39.89165496826172,1000,0.06601124256849289,False,False,42
no_motor_strength,sensor_noise,hard,1.5,0,40.22085952758789,1000,0.05431964620947838,False,False,42
no_motor_strength,sensor_noise,hard,1.5,1,39.112545013427734,1000,0.07920141518115997,False,False,42
no_motor_strength,sensor_noise,hard,1.5,2,40.14937973022461,1000,0.0661173164844513,False,False,42
no_motor_strength,sensor_noise,hard,1.5,3,39.37192153930664,1000,0.063177689909935,False,False,42
no_motor_strength,sensor_noise,hard,1.5,4,40.39363479614258,1000,0.06306657195091248,False,False,42
no_motor_strength,sensor_noise,hard,1.5,5,39.87465286254883,1000,0.06647840887308121,False,False,42
no_motor_strength,sensor_noise,hard,1.5,6,40.786827087402344,1000,0.04820012301206589,False,False,42
no_motor_strength,sensor_noise,hard,1.5,7,39.329288482666016,1000,0.07623930275440216,False,False,42
no_motor_strength,sensor_noise,hard,1.5,8,40.1214485168457,1000,0.05645276606082916,False,False,42
no_motor_strength,sensor_noise,hard,1.5,9,38.505836486816406,1000,0.07584528625011444,False,False,42
no_motor_strength,sensor_noise,hard,1.5,10,40.20829391479492,1000,0.05610903725028038,False,False,42
no_motor_strength,sensor_noise,hard,1.5,11,38.7817268371582,1000,0.06906373053789139,False,False,42
no_motor_strength,sensor_noise,hard,1.5,12,37.03437042236328,1000,0.09441924840211868,False,False,42
no_motor_strength,sensor_noise,hard,1.5,13,39.20951461791992,1000,0.07270048558712006,False,False,42
no_motor_strength,sensor_noise,hard,1.5,14,39.950382232666016,1000,0.05851837247610092,False,False,42
no_motor_strength,sensor_noise,hard,1.5,15,38.157440185546875,1000,0.08150234818458557,False,False,42
no_motor_strength,sensor_noise,hard,1.5,16,39.6671257019043,1000,0.06766853481531143,False,False,42
no_motor_strength,sensor_noise,hard,1.5,17,41.08697509765625,1000,0.04702230170369148,False,False,42
no_motor_strength,sensor_noise,hard,1.5,18,39.15637969970703,1000,0.06245655193924904,False,False,42
no_motor_strength,sensor_noise,hard,1.5,19,41.1283073425293,1000,0.0522838719189167,False,False,42
no_motor_strength,sensor_noise,hard,1.5,20,38.41183853149414,1000,0.08168809860944748,False,False,42
no_motor_strength,sensor_noise,hard,1.5,21,40.072269439697266,1000,0.06597777456045151,False,False,42
no_motor_strength,sensor_noise,hard,1.5,22,40.218082427978516,1000,0.05578946694731712,False,False,42
no_motor_strength,sensor_noise,hard,1.5,23,40.00210189819336,1000,0.05746488273143768,False,False,42
no_motor_strength,sensor_noise,hard,1.5,24,39.196781158447266,1000,0.08037443459033966,False,False,42
no_motor_strength,sensor_noise,hard,1.5,25,41.09003448486328,1000,0.047913648188114166,False,False,42
no_motor_strength,sensor_noise,hard,1.5,26,40.01026916503906,1000,0.061493054032325745,False,False,42
no_motor_strength,sensor_noise,hard,1.5,27,39.203125,1000,0.06558660417795181,False,False,42
no_motor_strength,sensor_noise,hard,1.5,28,39.74549102783203,1000,0.06453036516904831,False,False,42
no_motor_strength,sensor_noise,hard,1.5,29,39.639556884765625,1000,0.07031777501106262,False,False,42
no_sensor_noise,sensor_noise,hard,1.5,0,39.497169494628906,1000,0.05901827663183212,False,False,42
no_sensor_noise,sensor_noise,hard,1.5,1,38.09273147583008,1000,0.07494311034679413,False,False,42
no_sensor_noise,sensor_noise,hard,1.5,2,39.4554328918457,1000,0.06095504015684128,False,False,42
no_sensor_noise,sensor_noise,hard,1.5,3,37.9671516418457,1000,0.07329730689525604,False,False,42
no_sensor_noise,sensor_noise,hard,1.5,4,39.80057144165039,1000,0.06051785871386528,False,False,42
no_sensor_noise,sensor_noise,hard,1.5,5,38.43231964111328,1000,0.06703634560108185,False,False,42
no_sensor_noise,sensor_noise,hard,1.5,6,38.8321533203125,1000,0.054519835859537125,False,False,42
no_sensor_noise,sensor_noise,hard,1.5,7,38.212772369384766,1000,0.08103407174348831,False,False,42
no_sensor_noise,sensor_noise,hard,1.5,8,38.44666290283203,1000,0.07216938585042953,False,False,42
no_sensor_noise,sensor_noise,hard,1.5,9,37.00186538696289,1000,0.08105699717998505,False,False,42
no_sensor_noise,sensor_noise,hard,1.5,10,38.96074295043945,1000,0.0627715215086937,False,False,42
no_sensor_noise,sensor_noise,hard,1.5,11,37.41250991821289,1000,0.07455815374851227,False,False,42
no_sensor_noise,sensor_noise,hard,1.5,12,35.67661666870117,1000,0.08313550055027008,False,False,42
no_sensor_noise,sensor_noise,hard,1.5,13,37.82118225097656,1000,0.07639259099960327,False,False,42
no_sensor_noise,sensor_noise,hard,1.5,14,38.70619201660156,1000,0.06534571200609207,False,False,42
no_sensor_noise,sensor_noise,hard,1.5,15,36.634220123291016,1000,0.08047257363796234,False,False,42
no_sensor_noise,sensor_noise,hard,1.5,16,38.53033447265625,1000,0.06909304857254028,False,False,42
no_sensor_noise,sensor_noise,hard,1.5,17,39.96498107910156,1000,0.050467297434806824,False,False,42
no_sensor_noise,sensor_noise,hard,1.5,18,37.86957931518555,1000,0.06550410389900208,False,False,42
no_sensor_noise,sensor_noise,hard,1.5,19,39.770137786865234,1000,0.0604444295167923,False,False,42
no_sensor_noise,sensor_noise,hard,1.5,20,37.5849494934082,1000,0.07295317947864532,False,False,42
no_sensor_noise,sensor_noise,hard,1.5,21,39.0338134765625,1000,0.06140541285276413,False,False,42
no_sensor_noise,sensor_noise,hard,1.5,22,27.248233795166016,1000,0.1492476612329483,False,False,42
no_sensor_noise,sensor_noise,hard,1.5,23,39.40883255004883,1000,0.06746185570955276,False,False,42
no_sensor_noise,sensor_noise,hard,1.5,24,38.63648986816406,1000,0.06213421747088432,False,False,42
no_sensor_noise,sensor_noise,hard,1.5,25,40.2424201965332,1000,0.04360409453511238,False,False,42
no_sensor_noise,sensor_noise,hard,1.5,26,39.15563201904297,1000,0.06532353907823563,False,False,42
no_sensor_noise,sensor_noise,hard,1.5,27,37.655738830566406,1000,0.06756991893053055,False,False,42
no_sensor_noise,sensor_noise,hard,1.5,28,38.634464263916016,1000,0.06613034754991531,False,False,42
no_sensor_noise,sensor_noise,hard,1.5,29,38.57045364379883,1000,0.07091404497623444,False,False,42
no_action_latency,sensor_noise,hard,1.5,0,40.606468200683594,1000,0.05761905014514923,False,False,42
no_action_latency,sensor_noise,hard,1.5,1,39.18499755859375,1000,0.08209747076034546,False,False,42
no_action_latency,sensor_noise,hard,1.5,2,40.53145217895508,1000,0.06010052561759949,False,False,42
no_action_latency,sensor_noise,hard,1.5,3,39.4765510559082,1000,0.07273023575544357,False,False,42
no_action_latency,sensor_noise,hard,1.5,4,40.639060974121094,1000,0.062398601323366165,False,False,42
no_action_latency,sensor_noise,hard,1.5,5,39.741973876953125,1000,0.06757238507270813,False,False,42
no_action_latency,sensor_noise,hard,1.5,6,40.36804962158203,1000,0.06175714731216431,False,False,42
no_action_latency,sensor_noise,hard,1.5,7,39.58475112915039,1000,0.07693824172019958,False,False,42
no_action_latency,sensor_noise,hard,1.5,8,40.111114501953125,1000,0.06480271369218826,False,False,42
no_action_latency,sensor_noise,hard,1.5,9,39.3173828125,1000,0.07453414797782898,False,False,42
no_action_latency,sensor_noise,hard,1.5,10,40.347686767578125,1000,0.06485848128795624,False,False,42
no_action_latency,sensor_noise,hard,1.5,11,39.138370513916016,1000,0.08061745017766953,False,False,42
no_action_latency,sensor_noise,hard,1.5,12,38.17302322387695,1000,0.07908289134502411,False,False,42
no_action_latency,sensor_noise,hard,1.5,13,39.47715759277344,1000,0.06915351748466492,False,False,42
no_action_latency,sensor_noise,hard,1.5,14,40.114990234375,1000,0.06409034878015518,False,False,42
no_action_latency,sensor_noise,hard,1.5,15,38.57661056518555,1000,0.07454875111579895,False,False,42
no_action_latency,sensor_noise,hard,1.5,16,39.94056701660156,1000,0.06389852613210678,False,False,42
no_action_latency,sensor_noise,hard,1.5,17,41.468223571777344,1000,0.05222031846642494,False,False,42
no_action_latency,sensor_noise,hard,1.5,18,39.62730026245117,1000,0.0647052526473999,False,False,42
no_action_latency,sensor_noise,hard,1.5,19,40.814369201660156,1000,0.06404096633195877,False,False,42
no_action_latency,sensor_noise,hard,1.5,20,39.17512130737305,1000,0.07056061923503876,False,False,42
no_action_latency,sensor_noise,hard,1.5,21,40.02373504638672,1000,0.06598584353923798,False,False,42
no_action_latency,sensor_noise,hard,1.5,22,39.78020095825195,1000,0.06817708164453506,False,False,42
no_action_latency,sensor_noise,hard,1.5,23,40.117069244384766,1000,0.061112381517887115,False,False,42
no_action_latency,sensor_noise,hard,1.5,24,39.86488723754883,1000,0.07206331938505173,False,False,42
no_action_latency,sensor_noise,hard,1.5,25,41.14654541015625,1000,0.04966402053833008,False,False,42
no_action_latency,sensor_noise,hard,1.5,26,40.09469223022461,1000,0.06992145627737045,False,False,42
no_action_latency,sensor_noise,hard,1.5,27,39.516422271728516,1000,0.062028709799051285,False,False,42
no_action_latency,sensor_noise,hard,1.5,28,39.898406982421875,1000,0.06749877333641052,False,False,42
no_action_latency,sensor_noise,hard,1.5,29,39.91473388671875,1000,0.06605350971221924,False,False,42
baseline_full_dr,action_latency,moderate,8,0,40.71751403808594,1000,0.05591467022895813,False,False,42
baseline_full_dr,action_latency,moderate,8,1,36.90617370605469,1000,0.09470663964748383,False,False,42
baseline_full_dr,action_latency,moderate,8,2,39.330936431884766,1000,0.0678245797753334,False,False,42
baseline_full_dr,action_latency,moderate,8,3,38.66908264160156,1000,0.074820876121521,False,False,42
baseline_full_dr,action_latency,moderate,8,4,38.911720275878906,1000,0.08469730615615845,False,False,42
baseline_full_dr,action_latency,moderate,8,5,36.90525436401367,1000,0.08653085678815842,False,False,42
baseline_full_dr,action_latency,moderate,8,6,36.63722229003906,1000,0.08827953040599823,False,False,42
baseline_full_dr,action_latency,moderate,8,7,36.8931884765625,1000,0.09885935485363007,False,False,42
baseline_full_dr,action_latency,moderate,8,8,38.103694915771484,1000,0.07582274079322815,False,False,42
baseline_full_dr,action_latency,moderate,8,9,36.285037994384766,1000,0.12834343314170837,False,False,42
baseline_full_dr,action_latency,moderate,8,10,40.0046272277832,1000,0.06323104351758957,False,False,42
baseline_full_dr,action_latency,moderate,8,11,34.01806640625,1000,0.112819604575634,False,False,42
baseline_full_dr,action_latency,moderate,8,12,38.06864929199219,1000,0.10332120209932327,False,False,42
baseline_full_dr,action_latency,moderate,8,13,37.64733123779297,1000,0.09194052964448929,False,False,42
baseline_full_dr,action_latency,moderate,8,14,36.95915985107422,1000,0.08651204407215118,False,False,42
baseline_full_dr,action_latency,moderate,8,15,34.125457763671875,1000,0.13833095133304596,False,False,42
baseline_full_dr,action_latency,moderate,8,16,35.092201232910156,1000,0.14274847507476807,False,False,42
baseline_full_dr,action_latency,moderate,8,17,40.647003173828125,1000,0.07172343879938126,False,False,42
baseline_full_dr,action_latency,moderate,8,18,38.4813346862793,1000,0.08804208040237427,False,False,42
baseline_full_dr,action_latency,moderate,8,19,38.77539825439453,1000,0.0932069942355156,False,False,42
baseline_full_dr,action_latency,moderate,8,20,36.54816818237305,1000,0.09685898572206497,False,False,42
baseline_full_dr,action_latency,moderate,8,21,40.0601806640625,1000,0.08327297866344452,False,False,42
baseline_full_dr,action_latency,moderate,8,22,38.66944122314453,1000,0.07820715755224228,False,False,42
baseline_full_dr,action_latency,moderate,8,23,39.75444793701172,1000,0.07288053631782532,False,False,42
baseline_full_dr,action_latency,moderate,8,24,40.51676559448242,1000,0.07851460576057434,False,False,42
baseline_full_dr,action_latency,moderate,8,25,39.48923873901367,1000,0.07113834470510483,False,False,42
baseline_full_dr,action_latency,moderate,8,26,39.86954879760742,1000,0.08315500617027283,False,False,42
baseline_full_dr,action_latency,moderate,8,27,38.4174690246582,1000,0.08264673501253128,False,False,42
baseline_full_dr,action_latency,moderate,8,28,35.70061111450195,1000,0.10059299319982529,False,False,42
baseline_full_dr,action_latency,moderate,8,29,38.78035354614258,1000,0.08556432276964188,False,False,42
no_friction,action_latency,moderate,8,0,38.079044342041016,1000,0.07018371671438217,False,False,42
no_friction,action_latency,moderate,8,1,35.77439880371094,1000,0.126205176115036,False,False,42
no_friction,action_latency,moderate,8,2,40.41348648071289,1000,0.060925260186195374,False,False,42
no_friction,action_latency,moderate,8,3,40.079551696777344,1000,0.06027653068304062,False,False,42
no_friction,action_latency,moderate,8,4,35.020870208740234,1000,0.09594543278217316,False,False,42
no_friction,action_latency,moderate,8,5,38.11930465698242,1000,0.09830737113952637,False,False,42
no_friction,action_latency,moderate,8,6,37.874080657958984,1000,0.08324982225894928,False,False,42
no_friction,action_latency,moderate,8,7,36.61178970336914,1000,0.0950881689786911,False,False,42
no_friction,action_latency,moderate,8,8,39.21531677246094,1000,0.06677912175655365,False,False,42
no_friction,action_latency,moderate,8,9,34.734779357910156,1000,0.1517607420682907,False,False,42
no_friction,action_latency,moderate,8,10,39.21294403076172,1000,0.06675856560468674,False,False,42
no_friction,action_latency,moderate,8,11,35.20328903198242,1000,0.12169673293828964,False,False,42
no_friction,action_latency,moderate,8,12,37.06835174560547,1000,0.1114923283457756,False,False,42
no_friction,action_latency,moderate,8,13,37.609615325927734,1000,0.09376189857721329,False,False,42
no_friction,action_latency,moderate,8,14,38.75653839111328,1000,0.07849303632974625,False,False,42
no_friction,action_latency,moderate,8,15,35.166748046875,1000,0.1375354379415512,False,False,42
no_friction,action_latency,moderate,8,16,33.47892761230469,1000,0.15907016396522522,False,False,42
no_friction,action_latency,moderate,8,17,40.871063232421875,1000,0.07065729796886444,False,False,42
no_friction,action_latency,moderate,8,18,37.74238586425781,1000,0.09554710239171982,False,False,42
no_friction,action_latency,moderate,8,19,38.1865234375,1000,0.08069390058517456,False,False,42
no_friction,action_latency,moderate,8,20,36.6121940612793,1000,0.10070548951625824,False,False,42
no_friction,action_latency,moderate,8,21,40.67741775512695,1000,0.06166091188788414,False,False,42
no_friction,action_latency,moderate,8,22,39.56277084350586,1000,0.0741255059838295,False,False,42
no_friction,action_latency,moderate,8,23,38.00652313232422,1000,0.08537262678146362,False,False,42
no_friction,action_latency,moderate,8,24,37.803531646728516,1000,0.07393055409193039,False,False,42
no_friction,action_latency,moderate,8,25,40.30537796020508,1000,0.06257399916648865,False,False,42
no_friction,action_latency,moderate,8,26,40.65866470336914,1000,0.07245280593633652,False,False,42
no_friction,action_latency,moderate,8,27,38.51103210449219,1000,0.08055132627487183,False,False,42
no_friction,action_latency,moderate,8,28,36.98110580444336,1000,0.0932098999619484,False,False,42
no_friction,action_latency,moderate,8,29,39.37628173828125,1000,0.079380564391613,False,False,42
no_mass,action_latency,moderate,8,0,41.24761199951172,1000,0.0551440492272377,False,False,42
no_mass,action_latency,moderate,8,1,38.505958557128906,1000,0.0948805958032608,False,False,42
no_mass,action_latency,moderate,8,2,39.35483932495117,1000,0.0800783559679985,False,False,42
no_mass,action_latency,moderate,8,3,36.842369079589844,1000,0.14585503935813904,False,False,42
no_mass,action_latency,moderate,8,4,39.82870864868164,1000,0.0713617354631424,False,False,42
no_mass,action_latency,moderate,8,5,38.00986099243164,1000,0.09700094908475876,False,False,42
no_mass,action_latency,moderate,8,6,35.819618225097656,1000,0.10126969963312149,False,False,42
no_mass,action_latency,moderate,8,7,37.849639892578125,1000,0.08812658488750458,False,False,42
no_mass,action_latency,moderate,8,8,38.18428039550781,1000,0.08688263595104218,False,False,42
no_mass,action_latency,moderate,8,9,37.186824798583984,1000,0.12403000146150589,False,False,42
no_mass,action_latency,moderate,8,10,40.27980422973633,1000,0.06469463557004929,False,False,42
no_mass,action_latency,moderate,8,11,36.45771789550781,1000,0.11785494536161423,False,False,42
no_mass,action_latency,moderate,8,12,38.35784149169922,1000,0.09712257981300354,False,False,42
no_mass,action_latency,moderate,8,13,39.835296630859375,1000,0.07784959673881531,False,False,42
no_mass,action_latency,moderate,8,14,36.498069763183594,1000,0.09717163443565369,False,False,42
no_mass,action_latency,moderate,8,15,32.851051330566406,1000,0.16784855723381042,False,False,42
no_mass,action_latency,moderate,8,16,35.53319549560547,1000,0.15680263936519623,False,False,42
no_mass,action_latency,moderate,8,17,41.259151458740234,1000,0.07366865873336792,False,False,42
no_mass,action_latency,moderate,8,18,37.75571823120117,1000,0.09387315809726715,False,False,42
no_mass,action_latency,moderate,8,19,36.8981819152832,1000,0.1525726467370987,False,False,42
no_mass,action_latency,moderate,8,20,37.81938171386719,1000,0.08980505913496017,False,False,42
no_mass,action_latency,moderate,8,21,38.142730712890625,1000,0.15772849321365356,False,False,42
no_mass,action_latency,moderate,8,22,36.721580505371094,1000,0.10904000699520111,False,False,42
no_mass,action_latency,moderate,8,23,40.266632080078125,1000,0.07698564976453781,False,False,42
no_mass,action_latency,moderate,8,24,41.039649963378906,1000,0.059198878705501556,False,False,42
no_mass,action_latency,moderate,8,25,40.274688720703125,1000,0.07079409062862396,False,False,42
no_mass,action_latency,moderate,8,26,40.793033599853516,1000,0.0704837292432785,False,False,42
no_mass,action_latency,moderate,8,27,38.386070251464844,1000,0.09481622278690338,False,False,42
no_mass,action_latency,moderate,8,28,36.03022003173828,1000,0.1092541366815567,False,False,42
no_mass,action_latency,moderate,8,29,40.1466178894043,1000,0.06844431906938553,False,False,42
no_motor_strength,action_latency,moderate,8,0,40.002437591552734,1000,0.0661400705575943,False,False,42
no_motor_strength,action_latency,moderate,8,1,37.45854568481445,1000,0.10034521669149399,False,False,42
no_motor_strength,action_latency,moderate,8,2,40.102901458740234,1000,0.07400840520858765,False,False,42
no_motor_strength,action_latency,moderate,8,3,40.58591079711914,1000,0.06099148094654083,False,False,42
no_motor_strength,action_latency,moderate,8,4,37.35786056518555,1000,0.08299078792333603,False,False,42
no_motor_strength,action_latency,moderate,8,5,38.101470947265625,1000,0.10168638825416565,False,False,42
no_motor_strength,action_latency,moderate,8,6,37.86905288696289,1000,0.09109197556972504,False,False,42
no_motor_strength,action_latency,moderate,8,7,35.72068405151367,1000,0.11602713167667389,False,False,42
no_motor_strength,action_latency,moderate,8,8,40.217620849609375,1000,0.06195274367928505,False,False,42
no_motor_strength,action_latency,moderate,8,9,36.62175750732422,1000,0.1350790113210678,False,False,42
no_motor_strength,action_latency,moderate,8,10,39.97127914428711,1000,0.06228945404291153,False,False,42
no_motor_strength,action_latency,moderate,8,11,36.28456115722656,1000,0.10858951508998871,False,False,42
no_motor_strength,action_latency,moderate,8,12,38.31269836425781,1000,0.09536134451627731,False,False,42
no_motor_strength,action_latency,moderate,8,13,37.59389877319336,1000,0.09235233068466187,False,False,42
no_motor_strength,action_latency,moderate,8,14,38.819400787353516,1000,0.08157819509506226,False,False,42
no_motor_strength,action_latency,moderate,8,15,35.771663665771484,1000,0.1265462338924408,False,False,42
no_motor_strength,action_latency,moderate,8,16,35.0955924987793,1000,0.15342700481414795,False,False,42
no_motor_strength,action_latency,moderate,8,17,40.997108459472656,1000,0.0645911768078804,False,False,42
no_motor_strength,action_latency,moderate,8,18,38.793174743652344,1000,0.09390915185213089,False,False,42
no_motor_strength,action_latency,moderate,8,19,38.75114822387695,1000,0.07676434516906738,False,False,42
no_motor_strength,action_latency,moderate,8,20,37.36635971069336,1000,0.09795524924993515,False,False,42
no_motor_strength,action_latency,moderate,8,21,40.87134552001953,1000,0.06447348743677139,False,False,42
no_motor_strength,action_latency,moderate,8,22,38.449344635009766,1000,0.08498640358448029,False,False,42
no_motor_strength,action_latency,moderate,8,23,39.30900573730469,1000,0.0738321915268898,False,False,42
no_motor_strength,action_latency,moderate,8,24,39.43236541748047,1000,0.08609434962272644,False,False,42
no_motor_strength,action_latency,moderate,8,25,40.027278900146484,1000,0.07005444169044495,False,False,42
no_motor_strength,action_latency,moderate,8,26,40.88949203491211,1000,0.05914052948355675,False,False,42
no_motor_strength,action_latency,moderate,8,27,38.951290130615234,1000,0.07991761714220047,False,False,42
no_motor_strength,action_latency,moderate,8,28,35.96501541137695,1000,0.1096152514219284,False,False,42
no_motor_strength,action_latency,moderate,8,29,37.88409423828125,1000,0.13430403172969818,False,False,42
no_sensor_noise,action_latency,moderate,8,0,39.55759811401367,1000,0.040634188801050186,False,False,42
no_sensor_noise,action_latency,moderate,8,1,34.0225944519043,1000,0.11772216856479645,False,False,42
no_sensor_noise,action_latency,moderate,8,2,38.29883575439453,1000,0.07575452327728271,False,False,42
no_sensor_noise,action_latency,moderate,8,3,38.28008270263672,1000,0.07320565730333328,False,False,42
no_sensor_noise,action_latency,moderate,8,4,37.299137115478516,1000,0.07195032387971878,False,False,42
no_sensor_noise,action_latency,moderate,8,5,36.87499237060547,1000,0.09618005156517029,False,False,42
no_sensor_noise,action_latency,moderate,8,6,34.80900573730469,1000,0.09436418116092682,False,False,42
no_sensor_noise,action_latency,moderate,8,7,36.53188705444336,1000,0.085146963596344,False,False,42
no_sensor_noise,action_latency,moderate,8,8,36.882266998291016,1000,0.08148272335529327,False,False,42
no_sensor_noise,action_latency,moderate,8,9,33.94331741333008,1000,0.11749706417322159,False,False,42
no_sensor_noise,action_latency,moderate,8,10,40.08186721801758,1000,0.05232507362961769,False,False,42
no_sensor_noise,action_latency,moderate,8,11,35.51194763183594,1000,0.10155379772186279,False,False,42
no_sensor_noise,action_latency,moderate,8,12,36.442813873291016,1000,0.08561579883098602,False,False,42
no_sensor_noise,action_latency,moderate,8,13,36.01496505737305,1000,0.0881076529622078,False,False,42
no_sensor_noise,action_latency,moderate,8,14,34.3282356262207,1000,0.10861293971538544,False,False,42
no_sensor_noise,action_latency,moderate,8,15,30.430706024169922,1000,0.14303632080554962,False,False,42
no_sensor_noise,action_latency,moderate,8,16,32.20156478881836,1000,0.1314850002527237,False,False,42
no_sensor_noise,action_latency,moderate,8,17,38.06301498413086,1000,0.06429050117731094,False,False,42
no_sensor_noise,action_latency,moderate,8,18,36.10474395751953,1000,0.08602704852819443,False,False,42
no_sensor_noise,action_latency,moderate,8,19,36.304222106933594,1000,0.07645142078399658,False,False,42
no_sensor_noise,action_latency,moderate,8,20,36.0838737487793,1000,0.08720562607049942,False,False,42
no_sensor_noise,action_latency,moderate,8,21,40.229026794433594,1000,0.06682222336530685,False,False,42
no_sensor_noise,action_latency,moderate,8,22,37.805477142333984,1000,0.08597208559513092,False,False,42
no_sensor_noise,action_latency,moderate,8,23,38.974403381347656,1000,0.05863864719867706,False,False,42
no_sensor_noise,action_latency,moderate,8,24,37.399513244628906,1000,0.07726877182722092,False,False,42
no_sensor_noise,action_latency,moderate,8,25,38.92474365234375,1000,0.06644723564386368,False,False,42
no_sensor_noise,action_latency,moderate,8,26,40.559749603271484,1000,0.06556375324726105,False,False,42
no_sensor_noise,action_latency,moderate,8,27,37.95051574707031,1000,0.08355394005775452,False,False,42
no_sensor_noise,action_latency,moderate,8,28,34.73583984375,1000,0.09179894626140594,False,False,42
no_sensor_noise,action_latency,moderate,8,29,39.904144287109375,1000,0.06825796514749527,False,False,42
no_action_latency,action_latency,moderate,8,0,28.888105392456055,1000,0.1167522743344307,False,False,42
no_action_latency,action_latency,moderate,8,1,31.74728012084961,1000,0.10328718274831772,False,False,42
no_action_latency,action_latency,moderate,8,2,27.90564727783203,1000,0.1255483329296112,False,False,42
no_action_latency,action_latency,moderate,8,3,34.8492431640625,1000,0.08296345174312592,False,False,42
no_action_latency,action_latency,moderate,8,4,30.61801528930664,1000,0.09792887419462204,False,False,42
no_action_latency,action_latency,moderate,8,5,27.1181697845459,1000,0.13006828725337982,False,False,42
no_action_latency,action_latency,moderate,8,6,31.084453582763672,1000,0.09569479525089264,False,False,42
no_action_latency,action_latency,moderate,8,7,34.38076400756836,1000,0.08979736268520355,False,False,42
no_action_latency,action_latency,moderate,8,8,34.220333099365234,1000,0.08407482504844666,False,False,42
no_action_latency,action_latency,moderate,8,9,29.228595733642578,1000,0.1463020294904709,False,False,42
no_action_latency,action_latency,moderate,8,10,29.553232192993164,1000,0.12449152022600174,False,False,42
no_action_latency,action_latency,moderate,8,11,31.349496841430664,1000,0.1124148890376091,False,False,42
no_action_latency,action_latency,moderate,8,12,25.517911911010742,1000,0.13286331295967102,False,False,42
no_action_latency,action_latency,moderate,8,13,34.25556182861328,1000,0.07368381321430206,False,False,42
no_action_latency,action_latency,moderate,8,14,-2.2586536407470703,89,0.458682656288147,True,False,42
no_action_latency,action_latency,moderate,8,15,25.971832275390625,1000,0.12989391386508942,False,False,42
no_action_latency,action_latency,moderate,8,16,29.525815963745117,1000,0.11666823923587799,False,False,42
no_action_latency,action_latency,moderate,8,17,30.545486450195312,1000,0.10989439487457275,False,False,42
no_action_latency,action_latency,moderate,8,18,27.96778106689453,1000,0.11391796171665192,False,False,42
no_action_latency,action_latency,moderate,8,19,35.40397644042969,1000,0.0848834365606308,False,False,42
no_action_latency,action_latency,moderate,8,20,30.26236343383789,1000,0.12153143435716629,False,False,42
no_action_latency,action_latency,moderate,8,21,34.40924072265625,1000,0.09291054308414459,False,False,42
no_action_latency,action_latency,moderate,8,22,30.13067054748535,1000,0.10774415731430054,False,False,42
no_action_latency,action_latency,moderate,8,23,31.009767532348633,1000,0.13140785694122314,False,False,42
no_action_latency,action_latency,moderate,8,24,31.564929962158203,1000,0.10108314454555511,False,False,42
no_action_latency,action_latency,moderate,8,25,33.43711853027344,1000,0.08143845945596695,False,False,42
no_action_latency,action_latency,moderate,8,26,28.75579261779785,1000,0.11701545119285583,False,False,42
no_action_latency,action_latency,moderate,8,27,24.461334228515625,1000,0.1707945615053177,False,False,42
no_action_latency,action_latency,moderate,8,28,28.99776268005371,1000,0.13029654324054718,False,False,42
no_action_latency,action_latency,moderate,8,29,33.52231979370117,1000,0.09016531705856323,False,False,42
baseline_full_dr,action_latency,hard,20,0,-2.2829227447509766,96,0.6018540263175964,True,False,42
baseline_full_dr,action_latency,hard,20,1,9.701705932617188,548,0.24553443491458893,True,False,42
baseline_full_dr,action_latency,hard,20,2,4.022299289703369,1000,0.3919907212257385,False,False,42
baseline_full_dr,action_latency,hard,20,3,25.779956817626953,1000,0.16659849882125854,False,False,42
baseline_full_dr,action_latency,hard,20,4,26.513813018798828,1000,0.16001956164836884,False,False,42
baseline_full_dr,action_latency,hard,20,5,22.096235275268555,1000,0.25297749042510986,False,False,42
baseline_full_dr,action_latency,hard,20,6,24.293394088745117,1000,0.20123203098773956,False,False,42
baseline_full_dr,action_latency,hard,20,7,-1.8606715202331543,203,0.6246851086616516,True,False,42
baseline_full_dr,action_latency,hard,20,8,25.287412643432617,1000,0.17569969594478607,False,False,42
baseline_full_dr,action_latency,hard,20,9,15.321542739868164,1000,0.3707910478115082,False,False,42
baseline_full_dr,action_latency,hard,20,10,16.516719818115234,1000,0.300768107175827,False,False,42
baseline_full_dr,action_latency,hard,20,11,-1.6009103059768677,637,0.5903194546699524,True,False,42
baseline_full_dr,action_latency,hard,20,12,18.379602432250977,1000,0.29447141289711,False,False,42
baseline_full_dr,action_latency,hard,20,13,25.068374633789062,1000,0.19366511702537537,False,False,42
baseline_full_dr,action_latency,hard,20,14,24.40065574645996,1000,0.18235203623771667,False,False,42
baseline_full_dr,action_latency,hard,20,15,18.529769897460938,1000,0.32964757084846497,False,False,42
baseline_full_dr,action_latency,hard,20,16,-0.7831904888153076,135,0.42785781621932983,True,False,42
baseline_full_dr,action_latency,hard,20,17,-1.8202786445617676,187,0.4565306603908539,True,False,42
baseline_full_dr,action_latency,hard,20,18,20.28438949584961,1000,0.2709360122680664,False,False,42
baseline_full_dr,action_latency,hard,20,19,20.67500877380371,1000,0.2807658314704895,False,False,42
baseline_full_dr,action_latency,hard,20,20,-2.4877970218658447,83,0.7866359949111938,True,False,42
baseline_full_dr,action_latency,hard,20,21,25.55896759033203,1000,0.16491614282131195,False,False,42
baseline_full_dr,action_latency,hard,20,22,22.13123893737793,1000,0.2821667194366455,False,False,42
baseline_full_dr,action_latency,hard,20,23,24.564409255981445,1000,0.1801697313785553,False,False,42
baseline_full_dr,action_latency,hard,20,24,11.498285293579102,548,0.19099217653274536,True,False,42
baseline_full_dr,action_latency,hard,20,25,2.7495481967926025,269,0.2715331017971039,True,False,42
baseline_full_dr,action_latency,hard,20,26,20.1060791015625,1000,0.4103679060935974,False,False,42
baseline_full_dr,action_latency,hard,20,27,3.4105899333953857,699,0.39332059025764465,True,False,42
baseline_full_dr,action_latency,hard,20,28,11.362520217895508,598,0.28326284885406494,True,False,42
baseline_full_dr,action_latency,hard,20,29,-2.606947422027588,134,0.6752911806106567,True,False,42
no_friction,action_latency,hard,20,0,24.646631240844727,1000,0.18753324449062347,False,False,42
no_friction,action_latency,hard,20,1,26.66511344909668,1000,0.1642589122056961,False,False,42
no_friction,action_latency,hard,20,2,28.54326820373535,1000,0.12160397320985794,False,False,42
no_friction,action_latency,hard,20,3,21.643455505371094,1000,0.21033892035484314,False,False,42
no_friction,action_latency,hard,20,4,23.766923904418945,1000,0.19342324137687683,False,False,42
no_friction,action_latency,hard,20,5,26.750125885009766,1000,0.1847708821296692,False,False,42
no_friction,action_latency,hard,20,6,26.40850830078125,1000,0.20139138400554657,False,False,42
no_friction,action_latency,hard,20,7,7.060825824737549,1000,0.4247589409351349,False,False,42
no_friction,action_latency,hard,20,8,27.62601661682129,1000,0.15464891493320465,False,False,42
no_friction,action_latency,hard,20,9,10.860574722290039,1000,0.45003440976142883,False,False,42
no_friction,action_latency,hard,20,10,13.221161842346191,1000,0.3229708671569824,False,False,42
no_friction,action_latency,hard,20,11,-2.417243242263794,530,0.6102280020713806,True,False,42
no_friction,action_latency,hard,20,12,4.078164577484131,1000,0.5600289106369019,False,False,42
no_friction,action_latency,hard,20,13,21.872886657714844,1000,0.26148760318756104,False,False,42
no_friction,action_latency,hard,20,14,28.291112899780273,1000,0.16914498805999756,False,False,42
no_friction,action_latency,hard,20,15,0.2185737043619156,324,0.5886473059654236,True,False,42
no_friction,action_latency,hard,20,16,29.087520599365234,1000,0.17347435653209686,False,False,42
no_friction,action_latency,hard,20,17,28.701736450195312,1000,0.13106387853622437,False,False,42
no_friction,action_latency,hard,20,18,10.066882133483887,778,0.3847229778766632,True,False,42
no_friction,action_latency,hard,20,19,24.648681640625,1000,0.19732579588890076,False,False,42
no_friction,action_latency,hard,20,20,-2.050020933151245,409,0.5075727701187134,True,False,42
no_friction,action_latency,hard,20,21,22.798654556274414,1000,0.21506422758102417,False,False,42
no_friction,action_latency,hard,20,22,27.044721603393555,1000,0.20043130218982697,False,False,42
no_friction,action_latency,hard,20,23,14.34919261932373,1000,0.33059290051460266,False,False,42
no_friction,action_latency,hard,20,24,26.947519302368164,1000,0.1378871351480484,False,False,42
no_friction,action_latency,hard,20,25,26.405712127685547,1000,0.14676135778427124,False,False,42
no_friction,action_latency,hard,20,26,24.60850715637207,1000,0.19025756418704987,False,False,42
no_friction,action_latency,hard,20,27,16.13163948059082,1000,0.337766170501709,False,False,42
no_friction,action_latency,hard,20,28,26.210235595703125,1000,0.18060940504074097,False,False,42
no_friction,action_latency,hard,20,29,16.1993350982666,1000,0.30841904878616333,False,False,42
no_mass,action_latency,hard,20,0,26.413000106811523,1000,0.17643561959266663,False,False,42
no_mass,action_latency,hard,20,1,12.987719535827637,594,0.19390340149402618,True,False,42
no_mass,action_latency,hard,20,2,1.3174545764923096,163,0.1972067952156067,True,False,42
no_mass,action_latency,hard,20,3,17.727577209472656,1000,0.36821791529655457,False,False,42
no_mass,action_latency,hard,20,4,11.439146995544434,587,0.2428072839975357,True,False,42
no_mass,action_latency,hard,20,5,25.1467342376709,1000,0.22823621332645416,False,False,42
no_mass,action_latency,hard,20,6,1.434132695198059,187,0.24756591022014618,True,False,42
no_mass,action_latency,hard,20,7,14.098810195922852,1000,0.3712884783744812,False,False,42
no_mass,action_latency,hard,20,8,25.862545013427734,1000,0.20611253380775452,False,False,42
no_mass,action_latency,hard,20,9,12.166655540466309,1000,0.44488897919654846,False,False,42
no_mass,action_latency,hard,20,10,13.546056747436523,820,0.25792720913887024,True,False,42
no_mass,action_latency,hard,20,11,16.902210235595703,1000,0.3136540651321411,False,False,42
no_mass,action_latency,hard,20,12,6.85116720199585,640,0.34330302476882935,True,False,42
no_mass,action_latency,hard,20,13,21.555238723754883,1000,0.27443727850914,False,False,42
no_mass,action_latency,hard,20,14,24.650772094726562,1000,0.2320740818977356,False,False,42
no_mass,action_latency,hard,20,15,15.605134010314941,1000,0.3942713737487793,False,False,42
no_mass,action_latency,hard,20,16,-1.6743688583374023,79,0.5640617609024048,True,False,42
no_mass,action_latency,hard,20,17,30.72629737854004,1000,0.1437341421842575,False,False,42
no_mass,action_latency,hard,20,18,14.888809204101562,1000,0.3827434778213501,False,False,42
no_mass,action_latency,hard,20,19,21.58005714416504,1000,0.32061395049095154,False,False,42
no_mass,action_latency,hard,20,20,19.82732582092285,1000,0.2649221420288086,False,False,42
no_mass,action_latency,hard,20,21,16.21847915649414,1000,0.39528554677963257,False,False,42
no_mass,action_latency,hard,20,22,17.506879806518555,1000,0.29723235964775085,False,False,42
no_mass,action_latency,hard,20,23,-1.219605803489685,134,0.5806196331977844,True,False,42
no_mass,action_latency,hard,20,24,13.970580101013184,606,0.136372372508049,True,False,42
no_mass,action_latency,hard,20,25,-0.9717967510223389,78,0.265817791223526,True,False,42
no_mass,action_latency,hard,20,26,18.266372680664062,1000,0.32700103521347046,False,False,42
no_mass,action_latency,hard,20,27,-1.1000055074691772,140,0.4554586410522461,True,False,42
no_mass,action_latency,hard,20,28,23.157546997070312,1000,0.25821542739868164,False,False,42
no_mass,action_latency,hard,20,29,25.908340454101562,1000,0.18716751039028168,False,False,42
no_motor_strength,action_latency,hard,20,0,20.451385498046875,1000,0.22365576028823853,False,False,42
no_motor_strength,action_latency,hard,20,1,17.674293518066406,1000,0.2662730813026428,False,False,42
no_motor_strength,action_latency,hard,20,2,18.63523292541504,1000,0.2616457939147949,False,False,42
no_motor_strength,action_latency,hard,20,3,31.433807373046875,1000,0.12146390229463577,False,False,42
no_motor_strength,action_latency,hard,20,4,15.622846603393555,1000,0.27549153566360474,False,False,42
no_motor_strength,action_latency,hard,20,5,21.848682403564453,1000,0.24073082208633423,False,False,42
no_motor_strength,action_latency,hard,20,6,27.60496711730957,1000,0.16424311697483063,False,False,42
no_motor_strength,action_latency,hard,20,7,9.479839324951172,1000,0.3836330771446228,False,False,42
no_motor_strength,action_latency,hard,20,8,26.076324462890625,1000,0.16855765879154205,False,False,42
no_motor_strength,action_latency,hard,20,9,-3.3673110008239746,118,1.1351238489151,True,False,42
no_motor_strength,action_latency,hard,20,10,23.95320701599121,1000,0.204960897564888,False,False,42
no_motor_strength,action_latency,hard,20,11,-2.5329771041870117,61,0.9474939703941345,True,False,42
no_motor_strength,action_latency,hard,20,12,3.170785427093506,564,0.5014759302139282,True,False,42
no_motor_strength,action_latency,hard,20,13,27.448461532592773,1000,0.14719270169734955,False,False,42
no_motor_strength,action_latency,hard,20,14,23.879535675048828,1000,0.1946680098772049,False,False,42
no_motor_strength,action_latency,hard,20,15,18.17494010925293,1000,0.279574990272522,False,False,42
no_motor_strength,action_latency,hard,20,16,5.363990306854248,1000,0.4550737142562866,False,False,42
no_motor_strength,action_latency,hard,20,17,19.23732566833496,1000,0.2369978427886963,False,False,42
no_motor_strength,action_latency,hard,20,18,19.10911750793457,1000,0.26237741112709045,False,False,42
no_motor_strength,action_latency,hard,20,19,37.28023147583008,1000,0.07889210432767868,False,False,42
no_motor_strength,action_latency,hard,20,20,19.653778076171875,1000,0.27714985609054565,False,False,42
no_motor_strength,action_latency,hard,20,21,24.667638778686523,1000,0.2095983624458313,False,False,42
no_motor_strength,action_latency,hard,20,22,17.600088119506836,1000,0.3090757727622986,False,False,42
no_motor_strength,action_latency,hard,20,23,20.231542587280273,1000,0.22344957292079926,False,False,42
no_motor_strength,action_latency,hard,20,24,29.36948585510254,1000,0.11390328407287598,False,False,42
no_motor_strength,action_latency,hard,20,25,22.14165496826172,1000,0.20204496383666992,False,False,42
no_motor_strength,action_latency,hard,20,26,19.21613121032715,1000,0.2774884104728699,False,False,42
no_motor_strength,action_latency,hard,20,27,23.356691360473633,1000,0.2253725826740265,False,False,42
no_motor_strength,action_latency,hard,20,28,24.49089241027832,1000,0.22311770915985107,False,False,42
no_motor_strength,action_latency,hard,20,29,-2.2256462574005127,62,0.6298933625221252,True,False,42
no_sensor_noise,action_latency,hard,20,0,18.062822341918945,1000,0.25232046842575073,False,False,42
no_sensor_noise,action_latency,hard,20,1,18.875972747802734,1000,0.1686268150806427,False,False,42
no_sensor_noise,action_latency,hard,20,2,-1.309263825416565,98,0.2667447328567505,True,False,42
no_sensor_noise,action_latency,hard,20,3,18.46819496154785,1000,0.21093720197677612,False,False,42
no_sensor_noise,action_latency,hard,20,4,-2.2454257011413574,97,0.6835516691207886,True,False,42
no_sensor_noise,action_latency,hard,20,5,12.450491905212402,1000,0.3192237615585327,False,False,42
no_sensor_noise,action_latency,hard,20,6,-0.30277806520462036,142,0.2203807532787323,True,False,42
no_sensor_noise,action_latency,hard,20,7,0.3230134844779968,762,0.3979242742061615,True,False,42
no_sensor_noise,action_latency,hard,20,8,4.674972057342529,394,0.19624988734722137,True,False,42
no_sensor_noise,action_latency,hard,20,9,-2.349565029144287,666,0.5335221290588379,True,False,42
no_sensor_noise,action_latency,hard,20,10,-2.3757681846618652,88,0.4796423614025116,True,False,42
no_sensor_noise,action_latency,hard,20,11,10.29694938659668,1000,0.3240717053413391,False,False,42
no_sensor_noise,action_latency,hard,20,12,11.707317352294922,1000,0.29487350583076477,False,False,42
no_sensor_noise,action_latency,hard,20,13,9.858646392822266,547,0.17521394789218903,True,False,42
no_sensor_noise,action_latency,hard,20,14,-1.7196953296661377,153,0.33988383412361145,True,False,42
no_sensor_noise,action_latency,hard,20,15,-11.571457862854004,516,0.802665114402771,True,False,42
no_sensor_noise,action_latency,hard,20,16,-1.798101782798767,94,0.38821399211883545,True,False,42
no_sensor_noise,action_latency,hard,20,17,4.583133220672607,437,0.25168830156326294,True,False,42
no_sensor_noise,action_latency,hard,20,18,-2.793785333633423,186,0.47076645493507385,True,False,42
no_sensor_noise,action_latency,hard,20,19,23.307329177856445,1000,0.15573754906654358,False,False,42
no_sensor_noise,action_latency,hard,20,20,-2.3117482662200928,58,0.7094370126724243,True,False,42
no_sensor_noise,action_latency,hard,20,21,11.72711181640625,1000,0.3274622857570648,False,False,42
no_sensor_noise,action_latency,hard,20,22,21.028339385986328,1000,0.19204498827457428,False,False,42
no_sensor_noise,action_latency,hard,20,23,0.948340892791748,614,0.45296230912208557,True,False,42
no_sensor_noise,action_latency,hard,20,24,22.120502471923828,1000,0.14924611151218414,False,False,42
no_sensor_noise,action_latency,hard,20,25,0.908495306968689,206,0.2578669488430023,True,False,42
no_sensor_noise,action_latency,hard,20,26,19.612953186035156,1000,0.17523322999477386,False,False,42
no_sensor_noise,action_latency,hard,20,27,-2.2709057331085205,54,0.7191594243049622,True,False,42
no_sensor_noise,action_latency,hard,20,28,8.948895454406738,789,0.2949666380882263,True,False,42
no_sensor_noise,action_latency,hard,20,29,14.950740814208984,1000,0.22746659815311432,False,False,42
no_action_latency,action_latency,hard,20,0,0.7313581705093384,441,0.3005111515522003,True,False,42
no_action_latency,action_latency,hard,20,1,3.013631820678711,440,0.21695393323898315,True,False,42
no_action_latency,action_latency,hard,20,2,2.892487049102783,456,0.20050962269306183,True,False,42
no_action_latency,action_latency,hard,20,3,3.55157732963562,1000,0.25421398878097534,False,False,42
no_action_latency,action_latency,hard,20,4,-1.5779796838760376,324,0.31014829874038696,True,False,42
no_action_latency,action_latency,hard,20,5,-1.2398762702941895,1000,0.29633286595344543,False,False,42
no_action_latency,action_latency,hard,20,6,-1.8638921976089478,207,0.2917405068874359,True,False,42
no_action_latency,action_latency,hard,20,7,-4.35742712020874,187,0.7469924688339233,True,False,42
no_action_latency,action_latency,hard,20,8,-1.8762398958206177,76,0.4679284989833832,True,False,42
no_action_latency,action_latency,hard,20,9,-1.2203843593597412,1000,0.3510899841785431,False,False,42
no_action_latency,action_latency,hard,20,10,-1.0717320442199707,614,0.3762444257736206,True,False,42
no_action_latency,action_latency,hard,20,11,-1.4848264455795288,1000,0.36762917041778564,False,False,42
no_action_latency,action_latency,hard,20,12,1.3253079652786255,1000,0.30669358372688293,False,False,42
no_action_latency,action_latency,hard,20,13,14.399894714355469,1000,0.20939049124717712,False,False,42
no_action_latency,action_latency,hard,20,14,-2.653818368911743,143,0.37177351117134094,True,False,42
no_action_latency,action_latency,hard,20,15,-13.157573699951172,1000,0.4402511417865753,False,False,42
no_action_latency,action_latency,hard,20,16,-4.713641166687012,245,0.6095452904701233,True,False,42
no_action_latency,action_latency,hard,20,17,-2.8078272342681885,63,0.8405715823173523,True,False,42
no_action_latency,action_latency,hard,20,18,-6.4167914390563965,553,0.4617416560649872,True,False,42
no_action_latency,action_latency,hard,20,19,3.5758655071258545,687,0.275159627199173,True,False,42
no_action_latency,action_latency,hard,20,20,-3.094151735305786,70,0.734276533126831,True,False,42
no_action_latency,action_latency,hard,20,21,12.497864723205566,1000,0.192580446600914,False,False,42
no_action_latency,action_latency,hard,20,22,4.760805606842041,1000,0.22697018086910248,False,False,42
no_action_latency,action_latency,hard,20,23,-2.505115032196045,543,0.4091747999191284,True,False,42
no_action_latency,action_latency,hard,20,24,15.18170166015625,1000,0.16537544131278992,False,False,42
no_action_latency,action_latency,hard,20,25,-2.463547706604004,108,0.35202205181121826,True,False,42
no_action_latency,action_latency,hard,20,26,6.826533794403076,887,0.2181740701198578,True,False,42
no_action_latency,action_latency,hard,20,27,-2.591350793838501,41,0.655879557132721,True,False,42
no_action_latency,action_latency,hard,20,28,-0.677024781703949,689,0.33339923620224,True,False,42
no_action_latency,action_latency,hard,20,29,7.5712432861328125,1000,0.23175664246082306,False,False,42
